/magazine/1933/03/18/mr-north-defender	S
/magazine/1938/08/06/the-end-2	S
/magazine/1940/08/17/though-it-breaks-my-heart-to-go	S
/magazine/1934/04/14/burgundy-is-dry	S
/magazine/1984/09/17/end-of-the-trail	S
/magazine/1934/02/17/bronx-pastoral	S
/magazine/1935/04/20/something-elemental	S
/magazine/1946/04/20/miss-callahan-and-the-symphonic-muse	S
/magazine/1977/09/12/the-end-of-bobs-bob-house	N
/magazine/1941/10/25/french-professor	S
/magazine/1983/04/18/letters-to-the-poetry-editor	N
/magazine/1929/08/24/the-roaring-talkies	N
/magazine/1930/01/04/calendars	N
/magazine/1933/01/07/lou-and-her-harp	S
/magazine/1936/10/10/i-like-to-watch-the-wheels-go-round	N
/magazine/1926/05/22/the-pole-at-last	N
/magazine/1937/05/22/they-meet-cute	S
/magazine/1939/11/18/whose-are-you-wearing	S
/magazine/1940/08/31/rcc	N
/magazine/1956/07/14/petey-and-yotsee-and-mario	S
/magazine/1928/10/20/on-radio-anno-ncers	N
/magazine/1930/05/03/superfluous-woman	N
/magazine/1930/09/27/english-b-i-convenes	N
/magazine/1931/06/20/the-tigers-skin	S
/magazine/1931/12/19/distinguished-citizens-of-1931	N
/magazine/1936/09/26/patriotism-1917	S
/magazine/1937/04/24/look-what-mr-liggett-found-in-the-bosss-waste-basket	N
/magazine/1945/08/11/the-cheat	S
/magazine/1951/04/14/is-harpers-bazaar-spreading-a-false-alarm	N
/magazine/1943/05/15/miss-stickneys-new-hat	N
/magazine/1971/01/23/how-now	N
/magazine/1925/08/22/the-sport-of-kings	N
/magazine/1927/11/26/o-pioneers	N
/magazine/1964/04/04/up-on-the-flying-trapeze-show-and-slush-is-hopkins-outmoded-215600-for-a-monet	N
/magazine/1976/08/09/sy-pringles-summer-menu	N
/magazine/1979/04/23/gov-beige	N
/magazine/1928/04/21/mice-and-men	N
/magazine/1928/10/13/british-language	S
/magazine/1933/10/28/the-king-of-spades	S
/magazine/1946/01/05/eggs-in-one-basket	N
/magazine/1957/01/26/goodbye-mr-mccollum	N
/magazine/1990/04/09/the-lite-that-failed-one-persons-story	S
/magazine/1930/09/13/what-numerology-has-done-for-em	S
/magazine/1941/01/18/nana	S
/magazine/1943/11/27/how-to-have-an-affair-with-a-tycoon-or-cocoon	S
/magazine/1933/11/18/miss-appleby-saloonkeeper	S
/magazine/1938/12/24/susan-and-father-christmas	S
/magazine/1988/05/23/when-he-reemerges	N
/magazine/1927/10/22/bath-reading	N
/magazine/1928/01/07/nineteen-twenty-eight	N
/magazine/1931/01/17/the-man-who-was-wetly	S
/magazine/1931/05/30/the-giant-killer	S
/magazine/1931/10/10/mammals-you-ought-to-know	N
/magazine/1932/10/08/death-in-the-rumble-seat	N
/magazine/1985/12/09/simple-5	N
/magazine/1930/05/03/barge-life-on-a-root-canal	N
/magazine/1935/08/03/international-picnic	S
/magazine/1935/12/14/vive-la-france-2	S
/magazine/1936/04/11/saffercisco	S
/magazine/1940/08/31/ambulance	S
/magazine/1925/03/14/the-follies-of-florenz-ziegfeld	N
/magazine/1929/12/28/what-are-you-doing-for-prosperity	N
/magazine/1933/10/21/is-the-allure-of-glamour-cloying	N
/magazine/1934/05/12/lines-from-burns	S
/magazine/1937/06/12/my-physical-handicap-ha-ha	N
/magazine/1940/05/04/a-countess-for-ernesto	S
/magazine/1942/08/22/how-to-get-into-several-clubs	N
/magazine/1927/01/15/stage-directors	N
/magazine/1932/04/16/bus-journey	S
/magazine/1928/04/14/some-friendships-of-a-crowded-life	N
/magazine/1928/09/22/plea-for-bad-plays	N
/magazine/1931/01/03/old-man-liver	S
/magazine/1935/04/13/crystals-of-progress	S
/magazine/1937/08/21/the-cliche-expert-testifies-on-vacations	N
/magazine/1937/12/04/the-old-countess	S
/magazine/1940/02/10/whither-are-we-puffing	N
/magazine/1929/09/21/no-cocktails	S
/magazine/1930/01/11/the-patsy	S
/magazine/1931/01/17/the-little-girl-with-talent	S
/magazine/1931/11/21/more-and-worse-mammals	N
/magazine/1964/12/19/them-apples	S
/magazine/1929/03/23/conclusions-of-a-young-man-of-forty	N
/magazine/1929/07/06/it-can-be-done	N
/magazine/1938/07/16/judgment-day	S
/magazine/1986/10/06/my-new-season	N
/magazine/1927/09/17/the-helpmeet	N
/magazine/1926/08/21/sunday-shiny-sheet	N
/magazine/1929/09/07/so-youre-going-to-new-york	N
/magazine/1986/07/14/mario-cabots-school-days	S
/magazine/1935/04/06/a-real-nice-story	S
/magazine/1935/11/16/a-little-gentman	S
/magazine/1939/12/09/the-sky-is-falling	S
/magazine/1943/11/27/miss-mcmanus-and-the-muse	S
/magazine/1945/05/26/the-doggie	S
/magazine/2016/01/25/aspic-fiction-tatyana-tolstaya	N
/magazine/1932/02/13/alchemy-and-assets	N
/magazine/1937/10/09/what-can-you-stomach	N
/magazine/1939/04/15/mr-north-is-rapt	S
/magazine/1925/12/26/the-useful-gift-why-not	N
/magazine/1926/10/16/a-celebrity-at-home	N
/magazine/1934/06/09/we-photograph-alice	N
/magazine/1935/01/05/mrs-wemble-wilbur-and-a-boy-in-blue	S
/magazine/1940/02/24/sometimes-it-relaxes-you	S
/magazine/1932/01/30/sprig-of-parsley	S
/magazine/1934/03/10/great-grandmother	S
/magazine/1935/09/07/seasons-end	S
/magazine/1977/08/22/doctors-sons	S
/magazine/1929/01/12/fifty-cent-meal	S
/magazine/1934/11/17/the-sins-of-the-fathers	N
/magazine/1937/01/23/problems-in-ethics	N
/magazine/1938/11/05/it-huffed-and-it-puffed	N
/magazine/1942/02/14/beautician-at-the-bandage-table	S
/magazine/1952/10/25/the-two-party-system	N
/magazine/1925/11/21/is-the-telephone-a-success	N
/magazine/1930/05/10/the-tonic	S
/magazine/1937/10/16/slogan-with-a-belt	S
/magazine/1938/05/21/to-the-colors	N
/magazine/1927/05/21/higher-education-2	N
/magazine/1931/06/27/all-quiet-on-the-eastern-front	N
/magazine/1932/04/23/the-perfect-man-2	S
/magazine/1935/04/20/mr-wemble-wilbur-and-some-trouble-in-the-tunnel	S
/magazine/1940/01/06/clarissa	S
/magazine/1947/11/22/the-man-from-home-possibly	S
/magazine/1975/04/21/sy-pringles-pie-in-the-sky-and-other-heavy-notes	N
/magazine/2009/05/11/the-autobiography-of-j-g-b	S
/magazine/1934/04/28/england-my-england	S
/magazine/1937/05/01/avocado-or-the-future-of-eating	N
/magazine/1937/06/12/discovery-5	N
/magazine/1941/04/05/the-innocent-voyage-or-high-wind-in-fifty-ninth-street	S
/magazine/1942/09/19/visitation-2	S
/magazine/1930/08/23/the-dada-city-i	S
/magazine/1932/03/19/no-more-biographies	N
/magazine/1936/11/07/made-in-america	S
/magazine/1982/10/11/just-a-country-boy	N
/magazine/1934/12/29/open-letter-department	N
/magazine/1939/06/03/pep-talk	S
/magazine/1944/08/26/civilian-sunday	S
/magazine/1950/06/17/beer-for-bill-haggerty	S
/magazine/1930/08/23/wild-oats	S
/magazine/1933/11/04/mr-litvinoff-writes-home	N
/magazine/1943/03/06/in-true-british-fashion	S
/magazine/1943/09/11/mr-hoopoe-unofficial-spokesman	N
/magazine/1928/06/02/heeney-for-champion	N
/magazine/1941/03/22/how-to-disappear-for-an-hour	N
/magazine/1942/07/25/share-a-cab	S
/magazine/1968/06/08/high-opinions	N
/magazine/1926/06/05/the-nice-cool-sewer	N
/magazine/1932/07/23/funiculi-funicula	N
/magazine/1935/10/19/love-me-love-my-dog	S
/magazine/1930/06/28/the-post-card-addict-takes-the-stand	N
/magazine/1932/08/20/a-toast	N
/magazine/1979/12/17/the-sixth-man	N
/magazine/1927/07/02/how-to-be-obscene	N
/magazine/1931/05/16/eyewitness	S
/magazine/1933/10/14/coming-out	N
/magazine/1938/02/12/vissi-darte-vissi-damore	S
/magazine/1960/07/16/does-anyone-look-his-age	N
/magazine/1965/06/26/answers-to-poets-questions	N
/magazine/1926/11/13/how-paulines-heart-was-broken	S
/magazine/1934/12/08/our-future-policy-with-japan	N
/magazine/1935/01/12/swig-of-pins	S
/magazine/1935/05/11/birth-of-a-novelty	S
/magazine/1969/03/29/your-horoscope	N
/magazine/1939/06/10/in-deference-to-royalty	S
/magazine/1975/02/10/the-ultimate-diary	N
/magazine/1987/09/07/la-bamba-hot-line	S
/magazine/1936/02/15/my-day	N
/magazine/1940/07/06/haunted-house-2	S
/magazine/1998/12/28/the-blood-bay	S
/magazine/1935/01/26/gipsey-trade	S
/magazine/1937/07/31/tristan	S
/magazine/1970/09/26/a-film	S
/magazine/1929/04/13/virago-with-garlic	N
/magazine/1935/03/09/something-serious	S
/magazine/1935/05/25/mr-whitten-tawny-and-a-lover-of-the-cheetah	S
/magazine/1935/08/24/nobody-paid-to-ride	S
/magazine/1938/09/03/achille-and-the-madonna	S
/magazine/1944/09/23/the-grand-passion-of-lubovski	S
/magazine/1926/12/04/the-caliph-complex	N
/magazine/1932/02/13/mr-jenkins-goes-to-church	S
/magazine/1932/03/26/only-a-maniac-or-frank-gadsbys-choice	S
/magazine/1933/02/04/castle-in-new-hampshire	S
/magazine/1929/05/11/may-fly-time	S
/magazine/1933/12/23/mr-martin-and-the-hotel-child	S
/magazine/1935/01/12/street-in-st-louis	S
/magazine/1976/11/22/the-latecomer	S
/magazine/1982/05/24/treading-water	S
/magazine/1931/05/09/overdose	N
/magazine/1934/09/15/incident-in-the-brown-derby	S
/magazine/1935/09/14/up-from-lethargy	S
/magazine/1937/12/18/on-wings-of-peace	S
/magazine/1969/04/05/amor-vincit-omnia-ad-nauseam	S
/magazine/1983/04/25/u-s-torn-apart-by-french-attitudes	N
/magazine/1933/02/11/ride-with-judith	S
/magazine/1935/08/31/the-star-dust-set	N
/magazine/1938/12/31/rhymes-for-our-budding-bards	N
/magazine/1945/02/10/about-myself	N
/magazine/1926/01/30/permit-an-anthropologist	N
/magazine/1929/08/10/a-plea-for-bad-fiction	N
/magazine/1930/03/29/conversation-with-a-russian	S
/magazine/1933/09/09/s-for-snuggly	S
/magazine/1945/11/17/geb-1930	S
/magazine/1927/05/14/the-height-of-liberty	S
/magazine/1935/03/23/the-doves-nest	N
/magazine/1952/07/19/canadian-capers	N
/magazine/1927/03/12/more-gates-more-crashes	N
/magazine/1932/09/10/pay-day	S
/magazine/1936/10/17/education-4	S
/magazine/1943/02/27/hostess-gift	S
/magazine/1981/10/26/gypsies-3	S
/magazine/1926/08/07/opening-an-account	S
/magazine/1928/11/24/thanksgiving-on-the-equator	S
/magazine/1934/06/30/nice-french-people	S
/magazine/1925/09/05/the-silent-enemies	N
/magazine/1928/01/21/my-affair-with-an-actress	S
/magazine/1930/10/11/how-one-little-robin-did-her-duty	N
/magazine/1935/01/05/first-offence-2	S
/magazine/1936/02/08/the-culinery-expert-takes-the-stand	N
/magazine/1932/07/23/happy-though-awake	S
/magazine/1933/03/11/concerts	S
/magazine/1937/09/25/youd-never-know-it-was-the-same-place	S
/magazine/1961/08/12/are-you-simplicity	S
/magazine/1927/03/05/rip-van-howard	N
/magazine/1933/03/11/bless-our-home	N
/magazine/1934/09/01/it-stretches	S
/magazine/1952/12/06/there-was-an-old-lady-who-lived-in-a-shoe	N
/magazine/1936/03/07/rose-clarice-her-love-life	S
/magazine/1943/04/24/minor-prophet-2	S
/magazine/1946/06/29/ethel-and-the-telephone-book	S
/magazine/1977/04/18/life-on-a-farm	N
/magazine/1928/08/04/padlocks	N
/magazine/1930/06/21/miss-gulp	N
/magazine/1931/05/02/bridge-bowl-and-bookrest	N
/magazine/1931/09/05/ise-ophelia	S
/magazine/1934/08/25/indecision	S
/magazine/1935/09/21/why-not-die	N
/magazine/1936/02/15/snowcroft	S
/magazine/1941/03/22/mr-pocock-cannot-take-it	S
/magazine/1931/09/12/the-wallaby	S
/magazine/1937/01/23/too-temperamental	S
/magazine/1939/02/11/a-blue-basket	S
/magazine/1942/03/21/here-lies-miss-groby	N
/magazine/1931/04/11/late-afternoon-of-a-patrolman	S
/magazine/1942/02/21/the-hammer-on-the-nail	N
/magazine/1942/06/13/washington-fantasy	S
/magazine/1978/12/18/hard-answers	N
/magazine/1933/02/11/lapin-agile	S
/magazine/1935/09/14/im-not-superstitious	S
/magazine/1937/01/30/the-man-who-wasnt-dressed-properly	S
/magazine/1939/09/16/reprise-2	N
/magazine/1957/11/30/ask-me-no-questions-ill-tell-you-no-facts	N
/magazine/1925/07/25/au-gallop	N
/magazine/1926/03/13/the-costume-balls-a-composite-report-of-the-season	N
/magazine/1931/05/09/revolt-among-the-women	S
/magazine/1933/09/02/savage-homecoming	S
/magazine/1937/06/05/the-case-of-col-bradshaw	N
/magazine/1959/07/04/passeggiata-archeologica	S
/magazine/1930/03/08/nothing-like-it	N
/magazine/1930/04/19/ten-eyck-or-pershing-pershing-or-ten-eyck	S
/magazine/1931/07/11/baggage	S
/magazine/1937/05/08/future-conditional	N
/magazine/1937/11/06/mr-blythe-asks-a-simple-question	S
/magazine/1941/02/22/notes-on-repatriation	N
/magazine/1949/12/24/to-a-little-girl-at-christmas	N
/magazine/1967/11/25/mrdrd-in-full-kitch-acc-to-grdn	S
/magazine/1932/01/23/the-party-spirit	N
/magazine/1927/08/27/perils-of-poverty	N
/magazine/1936/07/04/places-2	N
/magazine/1942/03/14/unlisted-phone	S
/magazine/1942/10/17/two-bums-here-would-spend-freely-except-for-poverty	S
/magazine/1953/12/19/should-a-trap-begift-wrapped	N
/magazine/1969/06/14/the-cheese	N
/magazine/1974/12/02/mantras-for-everyone	N
/magazine/1931/04/04/hunger	S
/magazine/1933/07/08/penny-flashback	S
/magazine/1935/01/26/clam-churning-must-go	N
/magazine/1939/03/18/the-importance-of-being-happy	S
/magazine/1927/01/15/matches-are-made-in-america	N
/magazine/1931/08/22/the-professor	S
/magazine/1936/07/11/charlie-2	S
/magazine/1946/09/28/a-pigeon	S
/magazine/1954/10/16/buy-your-synonyms-in-the-convenient-family-size	N
/magazine/1975/02/03/look-for-the-rusty-lining	N
/magazine/1986/07/07/more-zero-a-novel-of-los-anomies	S
/magazine/1925/06/13/hard-boiled-golf	S
/magazine/1934/09/15/sato	S
/magazine/1938/08/27/he-takes-evvything-sirious	S
/magazine/1928/02/11/advice-from-a-decorator	N
/magazine/1928/09/29/the-anagram-craze	N
/magazine/1934/05/12/mr-burr-resembles-himself	S
/magazine/1936/06/27/the-day-the-bonus-came	S
/magazine/1938/10/22/ear-nose-and-throat	N
/magazine/1942/01/03/up-the-rebels	S
/magazine/1979/10/08/love	S
/magazine/1932/10/08/you-should-have-heard-them-last-week	S
/magazine/1932/12/03/of-course-im-sick-of-him	S
/magazine/1938/12/17/ms-found-in-east-sixty-eighth-street-folded-up-into-a-little-paper-airplane	S
/magazine/1939/04/29/fables-for-our-time-iv	S
/magazine/1958/08/02/the-foghorn	S
/magazine/1929/04/20/the-run-around	S
/magazine/1930/05/10/mr-capone-dances	S
/magazine/1945/05/26/wise-guy	S
/magazine/1925/12/05/radio-football	N
/magazine/1929/07/13/trolloping-in-hoboken	N
/magazine/1934/09/08/picnic-with-the-quicks	S
/magazine/1937/03/06/infant-industry	N
/magazine/1980/03/24/this-is-my-sheila	S
/magazine/1981/06/15/boss-2	S
/magazine/1928/04/14/helps-for-entertaining-count-deterding	N
/magazine/1928/04/28/self-expression-for-the-kiddies	N
/magazine/1937/12/18/at-the-cafe-royal	S
/magazine/1939/11/25/all-most-comical	S
/magazine/1949/11/12/the-great-kibitzers-strike-of-1926	N
/magazine/1930/03/15/a-modern-art	S
/magazine/1946/10/12/housewarming-2	S
/magazine/1932/05/21/the-little-frenchman	S
/magazine/1938/10/15/to-the-ladies-6	N
/magazine/1927/03/26/spring-gleaning	S
/magazine/1933/04/29/suspicion	S
/magazine/1953/02/28/a-hard-day-at-the-office	S
/magazine/1966/02/26/a-look-at-the-spring-suits	N
/magazine/1979/04/16/healing	S
/magazine/1990/11/19/discover-taronia	N
/magazine/1925/08/08/the-alger-complex	N
/magazine/1931/02/14/the-thousand-dollar-bill	S
/magazine/1932/09/10/people-are-fascinating	S
/magazine/1942/06/20/please-call-mr-pratt	S
/magazine/1928/01/28/dress-rehearsal	S
/magazine/1937/12/04/mans-place-in-the-animal-kingdom	N
/magazine/1939/11/18/evacues	S
/magazine/2011/03/14/going-for-a-beer	S
/magazine/1931/02/07/the-burning-deck	S
/magazine/1936/01/11/the-art-of-ski-waxing	S
/magazine/1937/10/23/city-of-light	S
/magazine/1966/10/15/the-weary-titans	N
/magazine/1980/11/17/hungarian-rhapsody	S
/magazine/1929/11/09/sonny-boys-diary	N
/magazine/1926/06/12/cheap-dance-halls	N
/magazine/1932/03/12/devotion	S
/magazine/1933/07/08/vive-la-france	S
/magazine/1934/04/21/lady-of-windsor	S
/magazine/1940/01/13/divorce-its-cause-and-cure-i	N
/magazine/1976/08/02/kikimora	S
/magazine/1930/03/22/on-his-hands	S
/magazine/1934/08/25/a-fairly-interesting-envelope	N
/magazine/1936/07/11/a-yellow-primrose-was-to-him	S
/magazine/1938/05/14/the-one-who-saw-spirits	S
/magazine/1978/04/24/the-snow	S
/magazine/1981/01/26/the-emperor	S
/magazine/1985/11/04/lightening-up	N
/magazine/1989/10/16/how-the-savings-and-loans-were-saved	S
/magazine/1926/12/04/odyssey-of-bus-no-805	S
/magazine/1927/07/23/metropolitan-nature-fakers	N
/magazine/1931/08/29/farewell-to-birds	N
/magazine/1927/09/03/save-me-from-my-friend-the-deadbeat	N
/magazine/1931/06/06/water-poor	N
/magazine/1934/04/21/caprice-viennois-2	S
/magazine/1943/06/26/more-like-a-coffin	S
/magazine/1943/10/30/1943-the-year-of-crisis	S
/magazine/1988/12/19/running-through-the-wall	N
/magazine/1927/02/26/reminiscences-of-my-career-on-the-operatic-stage	N
/magazine/1929/03/09/colonels-leg	S
/magazine/1970/04/18/the-roofs	S
/magazine/1986/01/13/the-1985-beaujolais-nouveaux-ka-boum	N
/magazine/1928/07/07/g-b-s-practically-in-person	N
/magazine/1930/11/01/the-higher-ups	N
/magazine/1937/05/29/my-girls	S
/magazine/1940/07/06/my-unrequited-passion	N
/magazine/1929/05/11/the-wooing-of-mr-monroe	S
/magazine/1938/09/24/school-lunch	S
/magazine/1947/03/08/la-comtesse-est-elle-la	S
/magazine/1954/01/30/stranger-in-the-house	S
/magazine/1926/08/07/laugh-and-the-world-laughs-with-you	S
/magazine/1927/11/19/ii-the-process-server	S
/magazine/1928/12/15/confessions-of-a-bus-booster	S
/magazine/1933/02/18/journeys-dead-end	S
/magazine/1933/09/02/peril-by-night	S
/magazine/1936/11/07/dinner-club	N
/magazine/1938/06/18/something-in-the-way-of-pajeeps-madam	N
/magazine/1944/01/01/just-like-a-ship	S
/magazine/1949/05/28/miracle-in-hyde-park	S
/magazine/1953/08/01/tell-him-what-happen-joe-see-will-he-believe-you	S
/magazine/1931/06/13/mr-heathwin-buys-a-country-place	S
/magazine/1940/06/01/not-lonely-but-alone	S
/magazine/1946/05/25/helpmate	S
/magazine/1954/05/15/is-the-museum-of-modern-art-on-the-right-track	N
/magazine/1973/07/16/that-cosmopolitan-girl-illus	N
/magazine/1975/05/12/ruin	S
/magazine/1941/03/15/third-generation-morgan-very-rare-please-do-not-handle	N
/magazine/1926/08/28/getting-through-the-day	S
/magazine/1928/03/17/hollywood-in-the-home	N
/magazine/1937/01/23/no-whipped-cream	S
/magazine/1940/02/24/no-ice-please	N
/magazine/1951/12/22/christmas-present	S
/magazine/1937/08/28/hotel-mediterranee	S
/magazine/1952/10/11/how-to-discuss-your-personal-finances-without-being-a-boor	N
/magazine/1968/09/07/interior-with-figures-2	N
/magazine/1983/01/10/for-vaclav-havel	N
/magazine/1934/08/18/via-america	S
/magazine/1936/02/22/mr-norths-ordeal	S
/magazine/1938/08/06/a-day-like-today	S
/magazine/1942/09/12/the-road-to-summit-n-j	N
/magazine/1971/08/14/the-baluchitherium	N
/magazine/1976/11/15/fire-8	N
/magazine/1929/03/16/spring-football	S
/magazine/1932/06/25/he-travels-fastest	N
/magazine/1933/08/19/fifty-years-young	S
/magazine/1937/05/08/open-letters-department-12	N
/magazine/1938/08/06/every-darn-time	S
/magazine/1927/01/22/opera-box	S
/magazine/1932/06/11/commencement	N
/magazine/1940/09/21/the-super	S
/magazine/1933/07/29/stopover-2	S
/magazine/1933/08/12/low-bridge	S
/magazine/1930/11/22/nocturne-in-beekman-place	N
/magazine/1934/01/20/in-the-italian-manner	S
/magazine/1938/10/15/who-am-i-jessie	S
/magazine/1951/06/02/a-musical-evening	S
/magazine/1928/09/08/an-anthropologist-looks-at-marriage	N
/magazine/1934/09/08/death-on-the-front-porch	S
/magazine/1938/09/03/du-cote-de-chez-hillis	N
/magazine/1939/01/21/james-thurber-fables-for-our-time-i	S
/magazine/1934/02/03/i-take-a-trip	S
/magazine/1926/11/06/the-little-man	N
/magazine/1931/12/12/bliss-2	S
/magazine/1941/08/30/how-to-die-intestate	N
/magazine/1931/06/06/the-place-du-tertre	S
/magazine/1978/08/21/z-ing-being	N
/magazine/1927/12/24/the-poor-author	N
/magazine/1933/11/25/divide-by-twelve	S
/magazine/1939/07/08/never-trust-a-woman	S
/magazine/1943/10/23/how-to-take-the-war-in-your-stride	S
/magazine/1960/02/20/the-australian-sack-knot	N
/magazine/1965/10/16/the-making-of-a-pastime-1971	N
/magazine/1933/11/11/the-dollar	N
/magazine/1942/07/18/the-wineshop-cat	S
/magazine/1944/12/30/three-anecdotes-on-a-theme	N
/magazine/1959/10/17/upon-learning-that-culture-is-being-institutized-businesswise	N
/magazine/1944/11/04/le-camping	S
/magazine/1973/11/05/selections-from-the-allen-notebooks	N
/magazine/1925/10/31/the-intimate-diary-of-an-opening-night	N
/magazine/1930/11/01/mr-perkins-passes-by	S
/magazine/1932/01/02/lady-buyer	S
/magazine/1934/02/03/vagabond-cruise	S
/magazine/1975/02/10/the-new-world-2	S
/magazine/1983/12/12/chablis-fiction-donald-barthelme	S
/magazine/1927/08/13/tombs-are-best	N
/magazine/1927/11/26/back-stage-visitors-iii-my-public	N
/magazine/1932/03/19/notes-on-society-intellectually	N
/magazine/1932/10/01/who-wrote-cock-robin	S
/magazine/1939/01/14/to-my-heroes	N
/magazine/1943/07/10/the-food-crisis	N
/magazine/1944/02/19/problem-for-today	S
/magazine/1930/04/26/jim	S
/magazine/1934/03/03/education-of-an-anarchist	S
/magazine/1934/10/20/the-bellamys-and-bibi	S
/magazine/1937/12/11/to	N
/magazine/1939/10/21/fables-for-our-time-vii	S
/magazine/1948/11/20/episode-at-rancho-la-butterworth	S
/magazine/1988/09/26/you-missed-it	N
/magazine/1929/09/07/little-joe	S
/magazine/1933/06/24/the-case-of-herman-kemmerborn	S
/magazine/1940/06/08/intimations-of-neutrality	N
/magazine/1941/11/29/interview-3	S
/magazine/1982/08/30/kemp-dent-in-reagan-plans	N
/magazine/1930/06/28/my-country-right-or-wrong	S
/magazine/1931/08/01/film-exposure	N
/magazine/1937/03/13/mercy-the-cats-got-into-the-budget	N
/magazine/1988/11/21/so-much-more	N
/magazine/1931/11/14/study-in-sentiment	S
/magazine/1932/04/02/writing-man	S
/magazine/1942/09/05/the-yellow-farmhouse	S
/magazine/1945/04/21/unhook-me-abercrombie	N
/magazine/1929/03/02/new-light-on-the-rothstein-theory	N
/magazine/1933/02/25/open-letters-department-3	N
/magazine/1933/07/15/eton-harrow	S
/magazine/1936/03/21/answering-the-eternal-why	S
/magazine/1931/07/25/you-tell-em-mr-ambassador	N
/magazine/1933/05/13/mademoiselle-2	S
/magazine/1937/06/26/hear-the-nightingale-sing	N
/magazine/1947/01/25/you-can-always-tell-a-lady	S
/magazine/1962/03/10/the-day-of-the-dog	N
/magazine/1925/09/19/a-day-in-town	N
/magazine/1936/06/20/lunch-in-the-temple	S
/magazine/1936/08/22/the-busy-cliche-expert	N
/magazine/1945/12/15/hats-off-2	S
/magazine/1954/12/04/the-venerable-bushel	N
/magazine/1974/06/24/unpsychic-man-of-the-year	N
/magazine/1939/03/25/for-want-of-a-better-word	N
/magazine/1946/01/19/investigation	S
/magazine/1985/07/22/turbotome	N
/magazine/1925/10/17/an-interview	N
/magazine/1934/08/18/generals-lioness	N
/magazine/1945/06/09/the-garbage-pails	S
/magazine/1929/06/15/mr-monroe-outwits-a-bat	S
/magazine/1930/08/23/new-day	S
/magazine/1931/03/21/the-girl-who-went-everywhere	S
/magazine/1933/04/15/fish-and-our-foreign-debts	N
/magazine/1933/05/27/almighty-dollar	S
/magazine/1943/01/09/table-for-one-2	S
/magazine/1948/02/07/my-wife-and-the-w-m-c	S
/magazine/1952/10/18/shadow-and-substance-2	N
/magazine/1979/04/16/rated	N
/magazine/1928/07/07/survey-of-the-political-situation	N
/magazine/1929/06/22/prospectus-of-pandemonium-court	N
/magazine/1930/04/12/the-boat-race	N
/magazine/1963/01/19/the-children-are-very-quiet-when-they-are-away	S
/magazine/1936/05/16/volunteer	S
/magazine/1977/08/22/cortez-and-montezuma	S
/magazine/1925/04/11/limitations-of-intellectuals	N
/magazine/1931/06/27/holiday-plans	S
/magazine/1934/09/29/the-creative-life	S
/magazine/1934/12/15/uncle-napoleon	S
/magazine/1940/03/02/help-for-finland	S
/magazine/1977/07/04/mrs-armand-beef-likes-to-entertain	N
/magazine/1928/04/21/conversation-in-the-black-maria	S
/magazine/1934/07/14/my-own-my-native-land-2	S
/magazine/1936/11/07/brave-new-world	S
/magazine/1942/11/07/bend-down-sister	N
/magazine/1983/01/03/record-roundup-illus	N
/magazine/1929/08/17/weekend	N
/magazine/1931/04/25/color-2	S
/magazine/1926/03/06/down-the-ages-with-the-social-center	N
/magazine/1927/07/09/save-me-from-my-friend-the-guide	N
/magazine/1936/06/27/my-memories-of-d-h-lawrence	N
/magazine/1938/01/22/the-sitting-lying-chair-and-its-relation-to-the-subconscious	N
/magazine/1940/06/15/where-is-the-moral-tone-of-yesteryear	N
/magazine/1942/03/07/how-to-lose-your-self-confidence	N
/magazine/1932/10/29/alias-addison-hunt	S
/magazine/1935/05/11/the-huey-long-boy	S
/magazine/1936/11/21/obsolete	S
/magazine/1936/08/01/goodbye-mr-o-charles-meyer	N
/magazine/1937/04/10/education-of-mr-galbraith	S
/magazine/1939/09/30/you-should-live-so-walden-pond	N
/magazine/1946/08/10/uninvited-guest	S
/magazine/1975/10/06/timber-2	N
/magazine/1932/04/09/funerals-and-taxis	N
/magazine/1936/08/29/twice-blest	S
/magazine/1938/04/09/and-so-we-say-farewell	S
/magazine/1930/05/31/the-perfect-audience	N
/magazine/1939/09/16/waiting-for-luce	N
/magazine/1943/01/16/after-you-my-dear-alphonse	S
/magazine/1925/07/04/go-chicago	N
/magazine/1928/07/21/persian-rug-mystery	S
/magazine/1930/06/21/how-to-win-the-poughkeepsie-regatta	N
/magazine/1938/04/09/tick-tock-and-bong	N
/magazine/1940/12/07/kitchenware-notions-lights-action-camera	N
/magazine/1941/01/18/its-all-settled	S
/magazine/1947/06/21/softball-game	S
/magazine/1930/10/25/varsity-manager	N
/magazine/1936/04/18/women-among-women	S
/magazine/1940/01/20/letter-from-paris-29	N
/magazine/1963/08/10/till-the-sands-of-the-desert-grow-cold	S
/magazine/1972/04/15/a-sliver-at-night	S
/magazine/1925/07/04/summer-in-the-city-of-light	S
/magazine/1927/07/09/luncheon-at-sea	N
/magazine/1928/12/22/man-and-the-myth	N
/magazine/1931/11/21/life-is-a-bowl-of-eugene-oneills	N
/magazine/1932/12/17/merrymakers	S
/magazine/1933/06/24/mr-cowley-and-the-young	S
/magazine/1933/09/16/foreign-coast	S
/magazine/1935/12/07/expatriate-4	S
/magazine/1929/02/09/o-k-to-go-ahead	N
/magazine/1929/05/18/childrens-hour	S
/magazine/1940/06/15/the-test	S
/magazine/1978/08/07/out-on-the-marsh	S
/magazine/1928/02/04/done-into-movies	N
/magazine/1946/01/12/conversation-in-the-atomic-age	S
/magazine/1962/10/27/reunion-8	S
/magazine/1986/04/07/remorse	S
/magazine/1930/05/03/a-convert-to-equitation	S
/magazine/1925/03/28/ten-twenty-thirty	N
/magazine/1929/09/21/the-cradle-of-civilization	S
/magazine/1932/04/30/wake-up-youre-forty	S
/magazine/1938/11/05/sidesaddle	S
/magazine/1940/02/17/constance-bennett-and-me	N
/magazine/1944/10/21/theres-always-the-ritz	N
/magazine/1953/08/29/ramp	N
/magazine/1927/07/09/panhandler	S
/magazine/1929/01/12/apartment-hotel	S
/magazine/1939/01/21/the-mirror-3	S
/magazine/1950/01/28/the-title-back-fire	N
/magazine/1929/02/09/dont-bother-to-dress	S
/magazine/1941/01/04/coupez-votre-carpe	N
/magazine/1966/05/21/the-brothers	S
/magazine/1928/03/10/how-it-feels-to-kill-a-man	S
/magazine/1936/03/28/ipa-laws	N
/magazine/1942/06/06/goodbye-broadway-hello-hello	S
/magazine/1985/04/22/the-salieri-variations	N
/magazine/1930/06/07/most-likely-to-succeed	S
/magazine/1934/10/13/advice-to-hunters	N
/magazine/1938/11/19/mr-north-resents-injustice	S
/magazine/1975/07/14/a-voyage	S
/magazine/1929/11/23/black-list	S
/magazine/1932/10/15/wooing-and-winning-through-the-ages	N
/magazine/1939/04/22/whiskey-rebellion-1939	N
/magazine/1945/05/19/wonderful-miss-macomber	S
/magazine/1957/01/26/notes-3	N
/magazine/1980/04/28/brand-new-man	N
/magazine/1934/06/02/my-own-my-native-land-the-romance-of-cora-dorrance	S
/magazine/1938/07/23/gipsy	S
/magazine/1943/10/16/the-loveliest-ensemble	S
/magazine/1928/04/28/south-street	N
/magazine/1935/02/09/mr-wemble-wilbur-and-a-big-brown-horse	S
/magazine/1936/03/14/we-of-the-physics-department	S
/magazine/1941/01/04/the-shirt-in-mexico	S
/magazine/1942/12/12/our-daily-bread	S
/magazine/1944/02/26/to-market-to-market	S
/magazine/1951/07/28/is-this-the-way-to-solve-unemployment	N
/magazine/1934/11/10/midnight-magic	S
/magazine/1937/12/18/pepper-for-the-belgians	N
/magazine/1940/06/08/torment-in-babel	S
/magazine/2012/08/06/thank-you-for-the-light	S
/magazine/1927/06/11/what-to-do-when-weekends-come	N
/magazine/1937/05/15/is-there-an-osteosynchrondroitrician-in-the-house	N
/magazine/1940/01/06/a-minute-with-father	N
/magazine/1953/05/16/a-tale-about-mixing-valves	N
/magazine/1927/11/12/back-stage-visitors-i-the-insurance-gentleman	N
/magazine/1928/10/27/gay-white-way	N
/magazine/1934/12/08/the-concierge	S
/magazine/1936/12/26/of-sinclair-lewis-and-dr-mcgrady	S
/magazine/1941/02/01/best-regards	S
/magazine/1945/11/03/freds-wife	S
/magazine/1977/04/04/orientation-3	S
/magazine/1984/02/20/the-new-thing	N
/magazine/1986/09/15/boswells-life-of-don-johnson	N
/magazine/1933/01/07/swing-low-sweet-upswing	N
/magazine/1933/01/21/father-and-the-french-court	N
/magazine/1937/04/24/mr-north-is-a-spark	S
/magazine/1945/01/27/contest-3	S
/magazine/1979/05/21/welcoming-back-the-crumps	S
/magazine/1940/12/21/initiation-3	S
/magazine/1946/01/26/a-regrettable-incident	S
/magazine/1935/04/06/i-could-have-had-a-yacht	S
/magazine/1929/11/09/the-masters-touch	N
/magazine/1933/05/20/birthright	S
/magazine/1934/09/22/mrs-dee-and-the-watering-pot	S
/magazine/1941/12/06/hand-in-nub	S
/magazine/1990/08/13/nausea-the-summer-blockbuster	N
/magazine/1933/09/09/lisl-tells-her-story	S
/magazine/1965/02/27/heart-of-darkness	N
/magazine/1984/07/09/up-a-tree-2	S
/magazine/1931/10/03/the-next-war	N
/magazine/1933/11/11/becker	S
/magazine/1935/09/21/sleeping-beauty	S
/magazine/1932/01/16/it-cant-be-done	N
/magazine/1936/10/10/monsieur-gambelle-goes-to-the-circus	S
/magazine/1937/02/13/give-and-take	S
/magazine/1952/04/12/one-to-ohatchee	S
/magazine/1968/02/17/choke-me-with-frigate-birds	N
/magazine/1930/01/11/great-events-of-1929	N
/magazine/1930/07/05/x-ray	S
/magazine/1931/08/08/wings-of-orville	S
/magazine/1935/06/22/martyrdom-of-a-lady	S
/magazine/2014/01/27/the-frog-prince	S
/magazine/1931/09/19/mort-and-mary	S
/magazine/1936/06/13/folk-cookery	S
/magazine/1939/11/11/tallyho	S
/magazine/1948/04/17/big-boys-shouldnt-cry	S
/magazine/1952/11/29/ah-hop-alors	N
/magazine/1953/09/05/neighbors-2	S
/magazine/1936/09/05/tennis-2	S
/magazine/1946/02/02/the-folklore-of-mary-cooper	S
/magazine/1977/02/07/the-king-of-jazz	S
/magazine/1978/01/30/the-abduction-from-the-seraglio	S
/magazine/1931/12/26/reinhardt-and-revolution	N
/magazine/1934/07/14/psychology-at-pook-wah-met	S
/magazine/1943/01/02/just-for-the-ride	S
/magazine/1929/03/23/a-moderately-heartrending-letter	S
/magazine/1930/02/22/adventure-4	S
/magazine/1931/06/20/hunt-the-cook	N
/magazine/1932/09/03/mr-north-does-the-right-thing	S
/magazine/1935/01/26/weight-control	N
/magazine/1936/06/27/melting-pot	S
/magazine/1948/09/11/such-a-wonderful-opportunity	S
/magazine/1975/02/17/oya-life-these-days	N
/magazine/1931/09/12/little-person	S
/magazine/1981/08/24/certain-questions-in-the-history-of-the-party	S
