Sylvia Townsend Warner	F
John O’Hara	F
S. J. Perelman	H
Peter De Vries	F
James Reid Parker	U
Penelope Gilliatt	F
Frank O'Connor	F
Nathaniel Benchley	F
Louise Field Cooper	U
Gilbert Rogin	F
Elizabeth Taylor	F
Francis Steegmuller	H
Wolcott Gibbs	H
Ted Walker	H
Winifred Williams	U
Mollie Panter-Downes	F
Garrison Keillor	H
V. S. Pritchett	F
Joseph Wechsberg	H
W. S. Merwin	H
Harry L. Mountzoures	U
Frederick Barthelme	F
Sloan Wilson	F
W. E. Farbstein	U
Len Zinberg	U
Mary A. Robison	F
Katinka Loeser	U
George W. S. Trow	H
Ida Treat	U
John J. Espey	U
Benedict Kiely	F
James A. Maxwell	U
Natacha Stewart	U
Samuel Hopkins Adams	F
Penelope Mortimer	F
Russell Maloney	H
Evelyn Eaton	F
M. F. K. Fisher	H
Joyce Warren	U
Geoffrey T. Hellman	H
Mary McCarthy	F
Ian Frazier	H
Patricia Collinge	U
John Collier	F
Brian Friel	F
Laura Furman	F
H. L. Mencken	H
Veronica Geng	H
Decla Dunning	U
Anne Sinclair Mehdevi	F
Fred Keefe	U
Cornelia Otis Skinner	H
Christopher La Farge	F
Douglas Dunn	H
S. N. Behrman	H
Ivy Litvinov	U
Calvin Kentfield	F
Linda Grace Hoyer	U
Thomas Meehan	H
Richard Berczeller	U
Lillian Ross	H
Hollis Alpert	H
David Kidd	U
Roald Dahl	F
Rick Rofihe	F
Anna Mary Wells	U
Angelica Gibbs	U
Mark Schorer	H
John T. Winterich	H
Lou Myers	U
Victor Wolfson	U
Alice Marriott	H
James McConkey	F
Merriam Modell	U
Katherine Lyon	U
Morris Bishop	H
E. J. Kahn	H
Frank Sullivan	H
Antonio Barolini	U
Astrid Peters	U
Rhys Davies	F
Mary P. Cable	U
M. C. Blackman	U
David Updike	F
Alexander Frater	H
Leslie Norris	H
Rose C. Feld	U
Eudora Welty	F
Sergei Dovlatov	F
Stanislaw Lem	F
Donald Windham	F
Ved Mehta	H
Mark Strand	H
Peter Gordon	U
Leonard Wallace Robinson	U
David Daiches	H
Joel Sayre	H
F. P. Tullius	H
Joyce Cary	F
Burton Bernstein	H
Calvin Trillin	H
Roy Bongartz	U
Helen Mears	U
Hamilton Basso	F
May Sarton	F
Sonia Rollnick	U
Padma Perera	F
C. Y. Lee	F
Dan Jacobson	F
John McGahern	F
Noel Perrin	H
Lynn Caraganis	U
Theodore Pratt	F
Marion Sturges Jones	U
Richard Lockridge	F
Jane Mankiewicz	U
Jean Rhys	F
James Munves	U
Jonathan Harrington	U
Richard Sullivan	F
Adeline Rumsey	U
Gene Williams	U
Elinor Rice	U
Polly Frost	U
Rebecca West	F
Frank Conroy	F
John C. Mosher	H
Albert Hubbell	U
Hildegarde Dolson	H
Janet Kauffman	F
Anthony West	F
Paul Brodeur	H
R. K. Narayan	F
Hannah Green	F
Santha Rama Rau	F
Walter Macken	F
Sylva Grossman	U
John Watney	U
John Strachey	H
Bowen Ingram	U
Emily Kimbrough	H
Tama Janowitz	F
Julian Mazor	U
Philip Hamburger	H
Ambrose Flack	U
Berton Roueché	H
Mindret Lord	U
Dorothy Hunt Schofield	U
Margaret Mackprang Mackay	U
Eleanor Gilchrist	U
Walter Bernstein	H
Eyre De Lanux	U
H. F. Ellis	H
Henrietta Fort Holland	U
John Andrew Rice	H
Grover Amen	U
Gordon Cotler	U
James Kaplan	F
William L. Copithorne	U
Wilma Shore	U
Ralph Frye	U
Hillel Bernstein	U
Charles Dickinson	F
Janet Desaulniers	U
Viola Meynell	F
Mary-Carter Roberts	U
Elizabeth Bishop	H
Dean Doner	U
Richard H. Rovere	H
Anne Fremantle	H
William Murray	F
Kenneth Lamott	H
Clifford Aucoin	U
Vance Bourjaily	F
Laurie Lee	H
Frances Crane	U
Bruno Schulz	F
Mary Heaton Vorse	H
Carolyn McCormick	U
Winifred Willis	U
A. C. Spectorsky	H
George Loveridge	U
Hayes B. Jacobs	U
Elizabeth Delehanty	U
William Krauss	U
Gretchen Damrosch Finletter	U
Doris Peel	U
Ben Passen	U
Agnes Burke Hale	U
Loudon S. Wainwright	H
Gwyneth Cravens	F
William Franzen	U
Lawrence Williams	U
Maddy Vegtel Griffith	U
Ruth McKenney	H
Faith McNulty	H
Peggy Bacon	H
Waldemar A. Nielsen	U
George Barker	H
Thyra Samter Winslow	F
Charles McGrath	H
C. D. B. Bryan	F
Andre Dubus	F
William Attwood	U
Padraic Colum	H
Roberta Silman	F
Albert Halper	F
Georgia A. Brown	U
Mina Lewiton Simon	U
John Holman	U
Bernard Malamud	F
Anthony Delius	H
Cynthia Kadohata	F
John Godley	U
Rumer Godden	F
Michael O'Donovan	F
Theodore Weesner	F
Isabel Bolton	F
James McCourt	F
Tracey Phillips	U
Katharine Andres	U
Ellen Cooney	F
Charles G. Finney	F
James Wilcox	F
Louis Auchincloss	F
Mohamed Mehdevi	U
Robert Graves	H
Allan Seager	F
Hildegarde Flanner	H
Nora Johnson	F
Allan R. Bosworth	U
Susan Gillespie	U
Peter Handke	F
Jack Cope	F
Francine du Plessix Gray	F
Thomas Williams	F
Benoit van Innis	U
Huguette Martel	U
Fred Packard	U
June C. Ortgies	U
Marguerite Dorian	U
Jeffrey Shaffer	U
John Bailey	U
Budd Schulberg	F
Don M. Mankiewicz	F
Michael Wilding	F
Philip Dunne	H
Ogden Nash	H
Donald Hough	U
Csikszentmihalyi Mihaly	H
Richard Osk	U
Mark Murphy	U
Katharine Brush	F
Ruth Domino	U
Michael Brownstein	H
David Barthelme	F
J. S. Marcus	U
Richard J. Theobald	U
Randy Cohen	H
Robert Lewis Taylor	F
John Haase	U
Vicki Covington	F
Katharine T. Theobald	U
Gordon Sager	U
Merwin Dembling	U
Charlayne Hunter	H
Richard Plant	U
George Vanderest	U
W. A. Powers	U
Frances Lanahan	U
Charles Cooke	U
Agnes Bourneuf	U
Eugene Kinkead	H
Mark Halliday	H
Richard T. Gill	U
George H. Freitag	U
Frances Winwar	H
William Morwood	U
Robert Carson	U
Constance Wagner	U
Barbara Vroom	U
Andy Logan	H
Robert Clurman	U
Bruce Jay Friedman	F
Peter Kalischer	H
William Wertenbaker	U
Betty Wahl Powers	U
Jonathan Treitel	U
Dan Wickenden	F
Benedict Thielen	F
Roderick L. Haig-Brown	H
Montgomery Newman	U
Morris Lurie	F
Joyce Johnson	H
Esther McCoy	H
Isaac Babel	F
Eleanora Austin Wren	U
Patrick Kinross	H
Elizabeth Etnier	U
Amy Witting	F
Christopher Hope	F
Jeffrey Potter	U
Jeremy Bernstein	H
Florence Codman	U
Mary Louise Aswell	U
Gypsy Rose Lee	H
Elizabeth McConaughy	U
Eugene Burdick	F
Howard Maier	U
Margaret MacMillan	H
Robert Boswell	F
Max Miller	H
Nigel Dennis	F
Arnold Sundgaard	U
Dorothy McCleary	U
Robert Fitzgerald	H
Stewart Johnson	U
Carlton Lake	H
John D. Stewart	U
Jean Boley	U
Robert Lewis	U
Merrill Joan Gerber	F
Mary Tannen	U
Ethan Ayer	U
Ann Warren Griffith	U
Bruce Grant	U
Ann Chidester	U
Joseph Slate	U
Alfred Chester	F
Rachel MacKenzie	U
John Batki	U
Katherine Bouton	U
John Campbell Smith	U
Julio Cortazar	F
Howard Webber	U
John F. Murray	U
Virginia Sorensen	F
Michael Campbell	U
Andrew W. Turnbull	H
John Jurkowski	U
Nika Standen Hazelton	U
Ethna Carroll	U
T. H. White	F
Max Frisch	F
John W. Hazard	U
Frances Gray Pattern	U
Francine Prose	F
Reiko Hatsumi	U
Jean Thompson	F
George R. Clay	U
Constance Feeley	U
Padgett Powell	F
Lillian Anshen Seidel	U
Jacqueline Carey	U
Helen Yglesias	F
Angus Wilson	F
Stephen Tracy	U
Sara E. Lewis	U
John Bennet	U
Ralph Blum	U
Tom Chiarella	U
Mary Nash	U
Robb Forman Dew	F
Alan Sillitoe	F
Frances McFadden	U
David Leavitt	F
Ethan Mordden	F
Adam Schwartz	F
Danilo Kis	F
Ann Petry	F
Phyllis Pearsall	U
Michael J. Arlen	H
Dean Vietor	U
Marshall Brickman	H
John S. P. Walker	U
Alan Ziegler	H
Laura Tennen	U
Larry Tritten	U
Hannah Lees	U
Arnold R. Verduin	U
J. Campbell Smith	U
Louis P. Forster	U
Morris Freedman	U
Henry Morton Robinson	F
Esther Lacy	U
Irwin Edman	H
Jack Handey	H
Bill McKibben	H
L. E. Sissman	H
Ron Padgett	H
Betty Shaver	U
Harry Brown	F
Edward Longstreet	U
Richard Liebmann-Smith	U
Liam O'Connor	U
Frank Gannon	H
Dorothy Gulick	U
Deborah Pease	U
J. M. Flagler	U
Miriam Battista	U
Clement Freud	H
John Cooper	U
Nancy Wilson Ross	U
Eleanor Clark	H
Susan Black	U
John McCarten	H
Edwin Seaver	U
Leon Meadow	U
L. D. Hamilton	U
Frederick Boyden	U
Hansford Martin	U
Emily Maxwell	U
Donald Mangum	U
Jonathan Mark	U
Babette Rosmond	U
Preston Schoyer	U
Paul H. Rohmann	U
Barbara Wickenden	U
Prudence Crowther	H
Ernest Boyd	H
Clifford Orr	U
Helen Eustis	F
Lorna Slocombe	U
Richard G. Hubler	U
H. R. Werner	U
Martin Weldon	U
Ruth Howe	U
Sara Blackburn	U
Murray Bail	F
Paul MacNamara	U
Howard Moss	H
Josephine Herbst	F
Aline Bernstein	U
Milton Mazer	U
Ben Ray Hodman	U
Frances C. Alexander	U
Elihu Robinson	U
John Mort	U
Allen Shepherd	U
Nettie Kline	U
Tom Sims	U
Ted Allan	U
Marya Mannes	H
William May	U
Jane Richmond	U
Fitzroy Davis	U
Ralph Schoenstein	H
Richard McCallister	U
Faith Fair	U
Charles Jackson	F
