/magazine/1991/02/04/the-beige-book	N
/magazine/1998/06/15/tough-girls-dont-dream	S
/magazine/1942/09/19/the-improbable-empire-shrines	S
/magazine/1966/07/16/the-pigeon	S
/magazine/1969/07/26/be-a-cats-paw-lose-big-money	S
/magazine/1977/01/31/qwertyuiop	S
/magazine/1931/10/31/the-red-hat	S
/magazine/1937/11/13/meeting-in-the-bronx	S
/magazine/1938/06/04/touch-of-greatness	S
/magazine/1952/05/10/the-slugger-comes-into-his-own	S
/magazine/1986/06/16/bluebeard-3	S
/magazine/1939/07/22/paintner-in-the-bronx	S
/magazine/1944/01/01/the-greatest-centre-fielder-since-snodgrass	S
/magazine/1948/06/12/the-curving-road	S
/magazine/1935/12/07/the-great-grandmother	S
/magazine/1958/12/13/the-cast-in-favor-of-sign-language	N
/magazine/1962/03/24/the-pet-2	S
/magazine/1977/09/26/methinks-the-lady-doth-propel-too-much	N
/magazine/1945/09/08/black-secret	S
/magazine/1939/05/06/souvenir-of-malta	S
/magazine/1932/08/13/caveat-vendor	S
/magazine/1946/04/27/a-killing	S
/magazine/1952/03/01/tainted-money	S
/magazine/1960/02/13/russian-in-twenty-thousand-easy-lessons	N
/magazine/1997/02/03/china-pattern	S
/magazine/1953/09/26/saturday-afternoon	S
/magazine/1981/09/21/afloat-4	S
/magazine/1946/02/02/corner-store-in-argentina	N
/magazine/1949/05/07/just-depressed	S
/magazine/1980/02/11/a-revised-guide-to-paris	S
/magazine/1936/11/14/mr-k-a-p-l-a-n-the-magnificent	S
/magazine/1937/06/05/k-a-p-l-a-n-and-pythias	S
/magazine/1937/09/04/a-few-friends	S
/magazine/1978/03/20/is-there-a-writer-in-the-house	N
/magazine/1948/04/03/take-gide-out-to-the-ball-game	N
/magazine/1989/12/25/a-christmas-story	S
/magazine/1949/05/14/cloudland-revisited-mayfair-mama-turn-your-damper-down	N
/magazine/1956/07/14/one-comely-babe-piping-hot	N
/magazine/1962/05/19/the-great-starch-debate	N
/magazine/1933/08/19/the-little-hours	S
/magazine/1938/09/10/happy-ending-2	S
/magazine/1938/11/05/mrs-bright-and-shining-star-chibby	N
/magazine/1936/05/02/the-hiding-generation	N
/magazine/1978/02/13/after-the-life-class	S
/magazine/1984/08/27/sindbad	S
/magazine/1942/07/18/de-mortuis-2	S
/magazine/1953/12/26/swan-moving	S
/magazine/1955/05/14/the-unseized-torch	N
/magazine/1962/12/01/how-can-i-tell-you	S
/magazine/1958/11/15/a-dull-ordinary-normal-life-in-manhattan	N
/magazine/1938/07/16/wet-saturday	S
/magazine/1977/10/10/a-flight-of-geese	S
/magazine/1936/11/28/let-your-mind-alone-pythagoras-and-the-ladder	N
/magazine/1988/11/07/he-didnt-go-to-canada	S
/magazine/1937/06/19/terrible-vengeance-of-hyman-kaplan	S
/magazine/1948/11/20/in-a-manner-of-speaking	N
/magazine/1974/12/23/one-of-our-stagecraft-is-missing	N
/magazine/1941/12/13/some-people-from-home	S
/magazine/1943/10/16/major-proctor	S
/magazine/1953/04/25/the-letters	S
/magazine/1941/06/14/fru-gunderson	S
/magazine/1961/04/08/the-fight-game	S
/magazine/1962/09/01/the-independent-voter-at-twilight	S
/magazine/1942/09/26/a-man-like-grady-you-got-to-know-him-first	N
/magazine/1936/10/31/a-window-on-spain	S
/magazine/1947/06/14/a-short-wait	S
/magazine/1951/05/26/dragons-policemen-and-early-morning-screams	S
/magazine/1962/01/06/a-place-in-louisville	S
/magazine/2000/02/21/attention-geniuses-cash-only	S
/magazine/1957/06/29/my-life-as-an-importer	N
/magazine/1959/09/05/a-crying-need	S
/magazine/2006/03/13/the-trench	S
/magazine/1938/03/26/grounds-of-offence	S
/magazine/1940/06/01/another-american-tragedy	S
/magazine/1967/06/03/dear-sir-or-madam	N
/magazine/1977/11/21/the-condemned	S
/magazine/1938/06/25/hun-g-ah	S
/magazine/1939/10/14/the-morose-policeman	S
/magazine/1947/12/06/honors-in-history	S
/magazine/1960/09/24/is-fabian-too-young-to-kiss	N
/magazine/1966/07/02/barnett-frummer-hears-a-familiar-ring	S
/magazine/1944/01/22/a-weekend-with-the-angels	N
/magazine/1948/09/04/the-cliche-expert-testifies-on-campaign-oratory	N
/magazine/1984/05/28/oslo	S
/magazine/1934/02/17/chez-nous	S
/magazine/1983/08/29/one-day	S
/magazine/1939/06/17/a-slight-case-of-woe-in-the-bronx	S
/magazine/1947/03/01/the-educated-classes	S
/magazine/1939/11/18/broker	S
/magazine/1943/09/11/a-local-skirmish	S
/magazine/1972/02/19/around-the-bend-in-eighty-days-vi-for-sale-or-rent-one-pair-of-seven-league-boots	S
/magazine/1941/02/01/material-witness	S
/magazine/1937/10/23/shanghai-refugee	S
/magazine/1935/01/12/oysters-son	S
/magazine/1948/11/13/here-one-is-serious	S
/magazine/1969/11/22/for-worse-is-better-and-sickness-is-in-health	N
/magazine/1960/01/09/baby-i-will-enchant-thine-ear-maybe	N
/magazine/1935/07/06/the-revival	S
/magazine/1946/12/21/rue-eugene-delacroix	S
/magazine/1949/11/19/the-white-rabbit-caper	S
/magazine/1955/04/16/time-lumbers-on	N
/magazine/1944/09/30/home-from-the-wars	S
/magazine/1946/03/30/brighton-beach-mansion	S
/magazine/1986/12/29/id	N
/magazine/1942/08/08/vacancy-in-westchester	S
/magazine/1945/12/01/red-3	N
/magazine/1971/10/23/the-gospel-according-to-mark	S
/magazine/1940/06/08/country-wedding	S
/magazine/1952/11/08/cloudland-revisited-im-sorry-i-made-me-cry	S
/magazine/1944/12/23/more-of-a-surprise	S
/magazine/1954/05/15/a-lion-in-the-night	S
/magazine/1954/08/21/the-bell-ringers-wife	S
/magazine/1936/12/12/scrap-metal-reporter	N
/magazine/1946/04/20/believe-me	S
/magazine/1960/12/17/rose	S
/magazine/1962/09/22/winter-dance	S
/magazine/1965/09/18/no-autographs-please-im-invisible	N
/magazine/1974/12/30/at-the-dinner-table	S
/magazine/1975/07/21/the-man-who-loved-extinct-mammals	S
/magazine/2015/05/25/the-freezer-chest	S
/magazine/1935/04/06/those-were-consumers	N
/magazine/1935/06/08/all-the-years-of-her-life	S
/magazine/1954/03/27/slice-of-life	S
/magazine/1991/06/17/christopher-columbus-and-queen-isabella-of-spain-consummate-their-relationship-santa-fe-january-1492	S
/magazine/1939/11/25/a-different-world	S
/magazine/1945/02/10/more-help-than-wanted	N
/magazine/1953/06/20/the-black-monkey	S
/magazine/1956/05/12/is-the-oyster-overworked	N
/magazine/1933/09/30/my-life-and-hard-times-viii	N
/magazine/1950/09/16/noblesse-oblige-8	S
/magazine/1938/02/19/winter-comes-to-nantucket	N
/magazine/1986/03/24/magnolia	S
/magazine/1945/01/27/mrs-whitman	S
/magazine/1945/04/21/guinea-hen	S
/magazine/1953/10/10/cloudland-revisited-shades-of-young-girls-among-the-flummery	N
/magazine/1956/02/25/the-decision-of-instinct	S
/magazine/1936/03/21/i-love-my-wife	S
/magazine/1939/02/25/speaking-of-counterweights	N
/magazine/1964/12/26/pastiche-of-the-author-in-sweet-disarray	N
/magazine/1985/05/27/janus	S
/magazine/1938/10/29/halloween-crisis	S
/magazine/1991/05/27/youll-never-eat-lunch-on-this-continent-again	N
/magazine/1953/06/13/the-presbyterian-nimrods	N
/magazine/1969/02/22/she-walks-in-beauty-single-file-eyes-front-and-no-hanky-panky	N
/magazine/1980/06/09/a-giant-step-for-mankind	N
/magazine/1941/09/13/minor-tragedy-in-the-bronx	S
/magazine/1979/01/22/pretty-ice	S
/magazine/1936/05/23/down-with-daylight-saving	N
/magazine/1937/04/17/victoria-in-the-tropics	S
/magazine/1947/07/26/the-jewel-is-on-the-lotus	S
/magazine/1938/03/12/home-atmosphere-2	S
/magazine/1952/01/12/a-girl-and-a-boy-anthropoid-were-dancing	N
/magazine/1983/01/31/transfer-3	S
/magazine/1936/03/14/suite-2049	S
/magazine/1942/05/16/good-luck-mrs-gilbert	S
/magazine/1943/08/21/the-lady-on-142	S
/magazine/1980/08/25/dusty-answer-3	N
/magazine/1941/06/07/exercise-the-think-tank-boys	S
/magazine/1999/08/16/divorce-translated-from-the-czech-by-gerald-turner	S
/magazine/2021/02/08/a-wrinkle-in-the-realm	S
/magazine/1942/06/13/aint-you-my-damzen	S
/magazine/1959/02/07/the-case-for-and-against-the-daughters-of-the-american-revolution	N
/magazine/1937/02/27/o-k-a-p-l-a-n-my-k-a-p-l-a-n	S
/magazine/1985/04/29/construction	S
/magazine/1927/03/26/city-gardens	N
/magazine/1936/01/25/security-4	S
/magazine/1940/11/16/dont-tell-me-the-truth	S
/magazine/1945/07/14/early-to-bed-2	S
/magazine/1947/07/05/the-truce	S
/magazine/1952/11/22/danger-molting-plumage	N
/magazine/1960/02/27/death-of-the-professor	S
/magazine/1962/03/17/night-and-day	S
/magazine/1943/10/23/bivouac	S
/magazine/1943/04/03/all-the-modern-conveniences	S
/magazine/1947/03/01/the-waters-of-the-moon	S
/magazine/1954/02/27/the-barrel-of-rumors	S
/magazine/1978/09/18/apples-4	S
/magazine/1990/11/05/dirty-wedding	S
/magazine/1937/05/22/the-scientific-mind	S
/magazine/1955/01/01/the-place-and-the-time	S
/magazine/1969/06/07/the-lug-wrench	S
/magazine/1974/05/27/where-is-jenny	S
/magazine/1953/01/31/the-second-oldest-armenian	S
/magazine/1942/07/04/going-home-3	S
/magazine/1967/07/01/the-ombudsman	S
/magazine/1970/10/03/outgoing-bag	N
/magazine/1931/07/25/kroy-wen	S
/magazine/1938/09/17/tuxedos	S
/magazine/1941/04/05/exiles	S
/magazine/2014/10/06/story-bird	S
/magazine/1938/09/24/people-on-a-planet	S
/magazine/1942/08/15/how-to-flirt-in-tehuantepec	N
/magazine/1940/05/11/tama-sees-an-american-rhapsody	N
/magazine/1961/10/07/call-me-call-me	S
/magazine/1932/01/09/love-in-the-snow	S
/magazine/1941/02/08/the-archimandrites-niece	S
/magazine/2021/05/10/balloons	S
/magazine/1960/10/22/the-little-lives	S
/magazine/1970/01/03/how-they-brought-the-bad-news-from-ghent-n-y-to-aix-kans	N
/magazine/1953/06/27/cloudland-revisited-hungarian-goulash-with-battered-noodles	N
/magazine/1966/09/24/the-rape-of-the-drape	N
/magazine/1999/06/21/i-can-speak	N
/magazine/2016/10/31/back-the-way-you-went	S
/magazine/1939/11/11/i-and-roosevelt	N
/magazine/1941/07/12/fin-de-siecle	S
/magazine/1948/10/30/beside-the-still-waters	S
/magazine/1928/09/01/al-in-wonderland	N
/magazine/1938/09/17/waiting-for-ernest	S
/magazine/1944/08/12/what-a-man-would-do	S
/magazine/1970/10/10/another-world-from-mine	S
/magazine/1940/11/02/halloween-2	S
/magazine/1970/03/14/sad-arthur	N
/magazine/1988/11/14/work	S
/magazine/1961/04/22/a-work-of-art	S
/magazine/1950/09/16/anybody-can-make-a-mistake	S
/magazine/1953/03/21/straightening-out-the-straus-s-es	N
/magazine/2006/11/13/greensleeves	S
/magazine/1951/05/05/interpretation-of-a-dream	S
/magazine/1951/06/30/exit-pagliacci-beefing	N
/magazine/1956/03/10/the-tender-age	S
/magazine/1963/07/06/where-is-the-voice-coming-from	S
/magazine/1965/06/19/caveat-emptor-fortissimo-ex-philadelphia	S
/magazine/1985/04/08/the-knitting	S
/magazine/1937/09/25/never-a-dull-moment-2	S
/magazine/1949/11/19/the-family	N
/magazine/1941/04/19/marital-matters-in-the-bronx	S
/magazine/1974/06/03/long-weekend	S
/magazine/1937/11/20/in-yangtzepoo	S
/magazine/1940/03/30/joey-and-the-calcutta-club	S
/magazine/1953/03/07/record-4	S
/magazine/1938/01/01/homecoming	S
/magazine/1942/11/21/the-man-who-was-very-homesick-for-new-york	S
/magazine/1956/02/11/toward-evening	S
/magazine/1963/08/17/the-indian	S
/magazine/1970/02/21/the-deacon	S
/magazine/1944/11/11/uncle-lish-supercargo	S
/magazine/1940/10/12/the-lady-and-the-fox	S
/magazine/1945/06/16/home-edition	N
/magazine/1947/07/12/beautyrest	S
/magazine/1942/01/17/war-among-strangers	S
/magazine/1948/02/07/the-sweeter-the-tooth-the-nearer-the-couch	N
/magazine/1938/12/31/madame-she-is-a-problem-nest-ce-pas	S
/magazine/1943/07/17/the-life-triumphant	N
/magazine/1933/07/22/missionarys-daughter	S
/magazine/1936/11/14/arthur-of-the-behemoth	S
/magazine/1940/03/09/heh-ven-pawnbroker	S
/magazine/1943/03/27/consideration-of-the-poor	S
/magazine/1944/04/08/boston-to-new-york	S
/magazine/1948/04/10/penuche	S
/magazine/1937/12/11/good-morning-friends	S
/magazine/1966/01/01/princeton-pond	N
/magazine/1980/02/18/offerings	S
/magazine/1939/05/06/now-i-can-eat-pickles	S
/magazine/1961/04/08/woollahra-road	S
/magazine/1940/10/05/the-law-and-mr-li	S
/magazine/1974/06/10/balcony	S
/magazine/1979/12/10/a-little-farther-up-the-road-a-little-farther-down-the-dial	S
/magazine/1944/12/09/the-refrigerator	S
/magazine/1955/04/23/the-bath	S
/magazine/2007/04/16/the-stolen-pigeons	S
/magazine/1932/04/16/silk-stockings	N
/magazine/1947/03/22/womans-work	N
/magazine/1967/04/22/the-pepper-trick	S
/magazine/1935/10/05/smashup	S
/magazine/1945/09/08/deauville-beach-1945	N
/magazine/1938/05/21/the-promised-land	S
/magazine/2000/11/13/on-a-bad-day-you-can-see-forever	N
/magazine/1933/12/09/the-rejected-one	N
/magazine/1937/05/15/mr-k-a-p-l-a-ns-so-and-so	N
/magazine/1946/05/18/the-decision	N
/magazine/1948/09/04/down-from-the-mountains	N
/magazine/1962/03/10/prizes	N
/magazine/1973/11/05/daughter-last-glimpses-of	N
/magazine/1978/10/30/from-the-fifteenth-district	S
/magazine/1982/09/27/set-off	S
/magazine/1944/12/02/my-already-overcrowded-home	N
/magazine/1953/03/14/evan	S
/magazine/1955/04/16/angela	S
/magazine/1975/12/29/christmas-vladimir-nabokov	S
/magazine/1977/06/27/all-precincts-beware-paper-tigress-loose	S
/magazine/1928/05/26/menaces-in-may	N
/magazine/1968/08/24/the-flower-gully	S
/magazine/1944/07/22/my-brother-osongs-career-in-politics	S
/magazine/1952/04/05/block	S
/magazine/1964/05/16/great-oafs-from-little-monsters-grow	N
/magazine/1969/05/31/ainmosni	N
/magazine/1953/08/15/dont-tell-me-pretty-gypsy	N
/magazine/1976/12/06/remembered-letters	S
/magazine/1977/07/11/okinawas-wife	S
/magazine/1941/02/22/the-good-fight	S
/magazine/1968/12/28/the-horses	N
/magazine/1940/08/10/the-most-outrageous-consequences	S
/magazine/1959/11/28/driving-school	N
/magazine/1967/08/19/a-day-in-the-life-of-roger-angell	N
/magazine/1973/02/17/the-son-from-america	N
/magazine/1975/02/24/i-have-nothing-to-declare-but-my-genius	N
/magazine/1935/11/02/doc-marlowe	N
/magazine/1964/10/17/lapres-midi-dun-fan	N
/magazine/1976/09/27/the-joy-of-mooching	N
/magazine/1940/07/27/splendides-magician-does-a-new-trick	N
/magazine/1962/11/24/rod-island-is-real-but-ill-never-believe-in-wisconsin	N
/magazine/1965/02/20/the-ncmsb-report	N
/magazine/1942/04/04/the-perfect-host	S
/magazine/1943/07/31/theyd-have-taken-him-if-he-was-only-a-torso	N
/magazine/1953/05/30/sorry-no-ice-cream	S
/magazine/1945/05/12/uncle-lish-and-the-relic	S
/magazine/1972/01/15/around-the-bend-in-eighty-days-iii-the-turkey-trot-one-step-forward-two-steps-back	S
/magazine/1934/05/12/a-nickelodeon-childhood	N
/magazine/1939/10/28/junior-miss	S
/magazine/1962/09/15/hail-to-the-chief-at-two-thirds-off	N
/magazine/1971/02/20/plumbing	S
/magazine/1980/03/03/a-time-to-speak	N
/magazine/1966/07/02/andrew	S
/magazine/1944/07/29/boys-will-be-boys	S
/magazine/1957/10/12/no-sale-9	S
/magazine/1945/07/21/summer-day	S
/magazine/1950/11/18/paradise-imperilled	N
/magazine/1954/03/06/quite-simply-at-home	N
/magazine/1961/10/07/the-way-i-figure-it	S
/magazine/1935/04/13/father-delmonicos-and-buffalo-bill	S
/magazine/1958/10/25/interval-for-metaphysics	N
/magazine/1967/02/11/a-reunion	N
/magazine/1958/03/01/tebic	S
/magazine/1939/05/06/the-mentocrats	N
/magazine/1941/05/24/the-volga-tongue	N
/magazine/1953/09/05/theres-something-to-what-confucius-said	N
/magazine/1966/03/26/item-one-empty-house	S
/magazine/1966/08/20/the-beating	N
/magazine/1939/12/09/george-2	S
/magazine/1967/03/25/in-spite-of-all-temptationsto-belong-to-other-nations	N
/magazine/1973/06/16/reruns-of-the-mind	N
/magazine/1937/06/12/father-puts-mother-on-horseback	N
/magazine/1947/10/18/king-rail	N
/magazine/1955/12/03/home-is-where-the-heart-was	S
/magazine/1972/08/12/sleep-tight-your-honor	N
/magazine/1949/03/26/what-a-lovely-generalization	N
/magazine/1955/12/03/the-kids-whistling	S
/magazine/1936/10/24/marriage-broker-2	S
/magazine/1978/05/29/more-than-toucan-do	N
/magazine/2017/03/06/crazy-they-call-me	N
/magazine/1949/07/23/yellow-ball-in-the-side	N
/magazine/1998/05/18/the-end-of-firpo-in-the-world	S
/magazine/1954/03/13/the-shooting-at-forty-seven	S
/magazine/1999/06/21/hawaiian-night	S
/magazine/2020/06/29/the-rescue-will-begin-in-its-own-time	N
/magazine/1927/07/02/crashing-a-trip-to-europe-signed-stowaway	S
/magazine/1940/05/11/mespoulets-of-the-splendide	S
/magazine/1962/01/20/on-line	N
/magazine/1962/12/22/the-fashion-show-2	N
/magazine/1966/04/02/the-sphinx-and-the-pyramid	S
/magazine/1936/05/02/mr-mott-essays-le-tennis	S
/magazine/1940/05/25/appreciation-of-art	S
/magazine/1959/12/19/the-one-day-of-the-year	S
/magazine/1961/04/22/the-rats	N
/magazine/1966/06/18/hey-whats-wriggling-around-that-caduceus	N
/magazine/1984/08/06/recapitulation-3	S
/magazine/2022/06/13/trash	S
/magazine/1936/05/23/victoria-has-nothing-to-do	N
/magazine/1936/02/29/chutzbah	S
/magazine/1944/12/02/uncle-lish-beachcomber	S
/magazine/1949/01/15/the-life-and-death-and-life-of-george-whitehouse	S
/magazine/1930/02/15/mr-feger	S
/magazine/1972/05/06/escape-from-civilization	N
/magazine/1938/03/12/fame-comes-to-heh-ven	S
/magazine/1939/05/13/uncle-dockery-and-the-independent-bull	S
/magazine/1945/02/03/unopposed-landing	S
/magazine/1969/10/11/i-will-not-let-thee-go-except-thou-bless-me	S
/magazine/1997/08/04/carlyle-tries-polygamy	S
/magazine/1937/02/06/mr-k-a-p-l-a-n-cuts-a-gordian-knot	N
/magazine/1940/11/30/les-temps-perdus	N
/magazine/1941/05/10/oh-death	S
/magazine/1947/11/29/at-his-age	S
/magazine/1937/02/20/innocence-in-a-wicked-world	S
/magazine/1950/01/07/those-friends-of-his	N
/magazine/1958/11/15/is-you-is-or-is-you-aint-goober-man	N
/magazine/1936/11/07/in-a-dime-a-ride	N
/magazine/1958/10/11/la-plume-de-mon-ami-est-dans-le-flapdoodle	N
/magazine/1961/01/07/gather-ye-rosebuds-but-watch-ye-step	N
/magazine/1948/06/26/a-view-of-exmoor	N
/magazine/1960/06/25/a-brush-with-quality	S
/magazine/1962/06/23/wind	S
/magazine/1969/11/01/harkl-whence-came-those-pear-shaped-drones	N
/magazine/1939/01/21/any-suggestions	N
/magazine/1961/06/17/lifeguard	S
/magazine/1975/06/02/the-first-year-of-my-life	N
/magazine/1937/05/01/let-your-mind-alone-xi-miscellaneous-mentation	N
/magazine/1965/03/06/the-indian-uprising	N
/magazine/1967/12/02/weekend-confrontation-with-the-soc-rels	S
/magazine/2015/02/09/toni-morrison-sweetness	S
/magazine/1937/04/24/kinnehorrah	S
/magazine/1938/09/10/beginning-of-a-journey	S
/magazine/1974/11/25/the-bedroom	S
/magazine/1937/01/30/let-your-mind-alone-v-anodynes-for-anxieties	N
/magazine/1939/08/26/comeback-2	S
/magazine/1948/08/28/the-man-just-ahead-of-you	N
/magazine/1958/06/21/rook-pie	N
/magazine/1986/11/10/for-real	S
/magazine/1939/01/28/mrs-trinket-and-mrs-toop	S
/magazine/1959/05/23/the-invasion-planners	N
/magazine/1960/11/26/monomania-you-and-me-is-quits	N
/magazine/2015/09/28/the-driver-fiction-thomas-mcguane	N
/magazine/1967/05/06/paint-me-a-pinion-immortal-limner-dear	S
/magazine/1974/11/04/plainfolks	N
/magazine/2011/10/10/oubliette	S
/magazine/1931/09/26/epitaph-2	S
/magazine/1938/02/12/discovery-6	S
/magazine/1950/05/06/the-bells-5	S
/magazine/1965/05/22/the-face-of-the-enemy	S
/magazine/1979/07/30/kilbinnin-men	S
/magazine/1957/09/14/her-thumbs	S
/magazine/1959/05/09/a-last-ride-with-coachman-lin	S
/magazine/1952/06/21/the-chance-of-a-lifetime	N
/magazine/1969/10/18/mr-collier	S
/magazine/1968/06/22/the-double-bollix	N
/magazine/1938/06/11/weekend-at-lady-astors	N
/magazine/1949/02/05/the-notebooks-of-james-thurber	N
/magazine/1979/05/07/family-matters-3	N
/magazine/1951/06/16/flags-in-castelfiorentino	S
/magazine/1936/09/05/the-burgess-kids	N
/magazine/1941/11/08/shanghai-to-manila	N
/magazine/1946/06/22/young-man-on-his-way	S
/magazine/1953/03/14/cloudland-revisited-m-is-for-the-migraine-that-she-gave-me	N
/magazine/1960/03/05/the-mill-at-the-bottom-of-the-sea	N
/magazine/1942/11/28/the-japanese-garden	S
/magazine/1950/10/28/the-pony	S
/magazine/1955/03/05/whereas-the-former-premises-being-kaput	N
/magazine/1981/01/12/fashion-2	N
/magazine/1962/02/24/in-defense-of-self-pity-or-prelude-to-lowenbrau	N
/magazine/1990/03/05/lonesome-shorty	S
/magazine/1938/12/17/patriot	S
/magazine/1967/09/09/frog-week-at-the-7-11-near-west-hollywood	N
/magazine/1976/10/04/at-lunch-with-the-rock-critic-establishment	N
/magazine/1967/11/11/the-dolt	S
/magazine/1981/12/14/visitors-7	S
/magazine/1936/10/03/food-fun-for-the-menfolks	N
/magazine/1943/02/27/the-secret-life-of-james-thurber	N
/magazine/1940/10/26/the-wilsons-so-many-problems	S
/magazine/1953/12/12/youre-my-everything-plus-city-sales-tax	N
/magazine/1947/10/04/you-and-madame-butterfly	S
/magazine/1944/12/09/a-cat-in-the-family	S
/magazine/1947/04/12/a-special-kind-of-insult	S
/magazine/1945/06/09/babes-on-fifty-seventh-street	N
/magazine/1947/01/25/atmosphere-by-ambler	S
/magazine/1954/07/10/a-question-of-deportment	S
/magazine/1960/10/08/let-old-acquaintance-be-forgot	N
/magazine/1994/04/25/hey-joe	S
/magazine/1941/09/27/these-tragic-years	S
/magazine/1944/01/08/eyewitness-2	N
/magazine/1948/01/31/evening-among-ruins	S
/magazine/1958/08/16/call-and-i-follow-i-follow	N
/magazine/1941/01/18/dropped-from-heaven	S
/magazine/1943/11/27/babies-in-the-creuse	S
/magazine/1952/05/17/on-the-rocks	N
/magazine/1951/06/23/the-new-efficiency	N
/magazine/1936/05/09/father-invests-in-a-livery	S
/magazine/1944/01/15/pier-99	N
/magazine/1961/07/01/so-far-so-good	N
/magazine/1965/04/17/barnett-frummer-and-rosalie-mondle-meet-superman-a-love-story	N
/magazine/1971/06/12/perpetua	S
/magazine/1934/03/31/for-arts-sake-2	N
/magazine/1939/12/16/god-rest-you-merry	N
/magazine/1953/04/18/servants-of-the-public	N
/magazine/1958/11/08/faeseyas-mrs-scipio	N
/magazine/1979/07/23/mr-and-mrs-baby	S
/magazine/2017/07/03/the-adventure-of-a-skier	N
/magazine/1934/06/30/cousin-larry	S
/magazine/1940/11/16/between-the-dark-and-the-daylight-2	S
/magazine/1944/12/16/farewell-my-lovely-appetizer	N
/magazine/1929/11/16/voyage-to-purila-vi	N
/magazine/1932/02/13/sotto-voce	N
/magazine/1961/10/07/the-countdown	S
/magazine/1968/12/07/come-costly-fido-for-i-am-sick-with-love	N
/magazine/1948/03/06/the-reunion	S
/magazine/2000/03/27/taking-pictures	N
/magazine/1949/07/09/cloudland-revisited-3	N
/magazine/1948/03/27/flower-fruit-and-fan	S
/magazine/1951/03/17/the-snows-of-childhood	N
/magazine/1970/08/08/the-meeting-6	S
/magazine/1963/03/02/what-is-happening-to-our-young-people-or-things-are-bad-all-over-2	N
/magazine/1979/11/05/violets	S
/magazine/1951/09/29/battery-hens	S
/magazine/1982/02/08/cousin-lillian	S
/magazine/1947/01/18/lady-with-a-lamp	S
/magazine/1953/10/03/back-to-school	S
/magazine/1954/01/09/in-my-fathers-house	N
/magazine/1959/07/25/lucienne	S
/magazine/1960/02/06/epitaph-for-a-lion	N
/magazine/1941/08/09/out-of-my-happy-past	N
/magazine/1969/09/20/the-executor	S
/magazine/2001/05/14/in-the-bed-department	N
/magazine/1976/05/24/a-cage-for-satan	S
/magazine/1970/09/19/lamentations	S
/magazine/1947/05/24/none-of-us-is-or-are-perfect	S
/magazine/1947/08/02/bobance-man-of-taste	N
/magazine/1947/09/27/fitzroy	S
/magazine/1952/10/25/the-quieter-life	N
/magazine/1927/11/19/service-above-self	N
/magazine/1937/02/20/goodbye-to-palship	S
/magazine/1959/09/05/give-a-sharp-leap	N
/magazine/1940/05/04/joey-and-mavis	S
/magazine/1943/07/03/basic-soldier	S
/magazine/1944/10/28/bob-acres-and-sir-lucius-otrigger	S
/magazine/1976/12/27/the-papier-mache-santa-claus	S
/magazine/1949/06/18/bygones	N
/magazine/1944/06/24/chain-of-command	S
/magazine/1951/03/17/by-any-other-name-2	S
/magazine/1956/04/14/i-guess-youll-never-know	N
/magazine/1987/11/30/father-3	S
/magazine/1971/12/18/the-cardplayers	S
/magazine/1985/11/18/berlin-snowfall	S
/magazine/1950/03/25/ill-blow-your-house-down	S
/magazine/1985/02/18/the-fight-4	N
/magazine/1955/10/29/dentistry-and-doubt	N
/magazine/1951/05/12/its-the-last-thing-i-do	N
/magazine/1941/08/16/a-dime-a-throw	S
/magazine/1972/07/22/ma	S
/magazine/1951/06/02/the-fishing-lesson	N
/magazine/1953/09/12/cloudland-revisited-it-takes-two-to-tango-but-only-one-to-squirm	N
/magazine/1941/08/16/publick-house	N
/magazine/2006/05/29/god-the-novelist	S
/magazine/1940/09/14/easy-money-at-the-splendide	N
/magazine/1975/07/07/the-conversationalist	N
/magazine/1941/06/21/the-extraordinary-pelvis	S
/magazine/1943/01/23/mans-going-into-the-army-what-can-you-do-about-it	N
/magazine/1974/01/21/whenas-in-gilt-my-julio-goes	N
/magazine/1941/01/18/a-little-quiet-fun	N
/magazine/1943/12/25/no-more-cradles	S
/magazine/1960/07/23/revulsion-in-the-desert	N
/magazine/2022/06/27/mitzvah	S
/magazine/1947/11/15/martinmas	N
/magazine/1984/12/31/fellow-creatures	S
/magazine/2023/12/11/keats-at-twenty-four-fiction-caleb-crain	N
/magazine/1930/09/27/the-young-priest	S
/magazine/1943/09/18/mi-amiga	S
/magazine/1959/08/08/zen-in-the-art-of-tennis	N
/magazine/1931/12/26/christmas-eve	S
/magazine/1953/09/26/caterpillar-summer	N
/magazine/1955/11/05/if-you-want-to-save-twenty-minutes-skip-this	N
/magazine/1945/11/24/miriams-houses	N
/magazine/1963/05/11/the-prince-2	N
/magazine/1985/11/11/the-fall-of-texas	S
/magazine/1951/09/29/do-you-want-to-make-something-out-of-it-or-if-you-put-an-o-on-understo-youll-ruin-my-thunderstorm	N
/magazine/2017/07/24/everything-is-far-from-here	N
/magazine/1934/05/19/father-wakes-up-the-village	N
/magazine/2016/10/03/to-the-moon-and-back	N
/magazine/1944/10/28/moroccan-multiplicity	N
/magazine/1951/02/24/the-barrier	N
/magazine/1958/10/04/petite-julie	N
/magazine/1971/09/18/the-oilman	N
/magazine/1931/08/01/the-high-sign	S
/magazine/1938/04/16/richer-life-for-parents	N
/magazine/1940/07/06/the-ballet-visits-the-splendides-magician	S
/magazine/1948/01/17/and-hearts-in-heaven	S
/magazine/1952/10/18/cloudland-revisited-the-wickedest-woman-in-larchmont	N
/magazine/1935/11/16/new-york-visit	N
/magazine/1950/04/22/opening-day	N
/magazine/1951/06/02/nirvana-small-by-a-waterfall	N
/magazine/2007/04/30/after-the-movie	N
/magazine/1943/04/24/1776-and-all-that	N
/magazine/1955/03/26/just-try-to-forget	S
/magazine/2017/02/27/ladies-lunch-lore-segal	N
/magazine/1939/08/12/dog-story-2	S
/magazine/1959/02/28/just-a-little-more	S
/magazine/1939/03/04/oh-those-tropic-nights	N
/magazine/1941/09/27/an-action-photo-has-been-taken	S
/magazine/1953/01/24/its-a-morning-city-too	N
/magazine/1984/09/03/the-indian-gardens	S
/magazine/2004/11/29/the-joke-2	N
/magazine/1948/05/15/monet-makes-the-world-go-round	N
/magazine/2007/08/13/magda-mandela	S
/magazine/1948/09/18/the-curious-incident-of-the-dogs-in-the-night-time	S
/magazine/1948/07/03/be-a-peacock-earn-big-acrimony	N
/magazine/1949/10/08/the-remnants	S
/magazine/1953/11/14/the-platform-rocker	N
/magazine/1939/12/23/the-best-things-come-in-small-packages	N
/magazine/1961/08/19/the-manic-in-the-moon	N
/magazine/1940/09/21/dickens-was-a-perfectly-lovely-historian	N
/magazine/1950/03/11/easy-money-2	N
/magazine/1987/07/27/conjunction	S
/magazine/1961/12/09/other-times-other-teen-agers	S
/magazine/1944/09/30/grande-rue	N
/magazine/1938/05/14/by-the-boys-themselves	N
/magazine/1947/05/10/the-estate-of-alice-v-gregg	S
/magazine/1967/10/14/by-a-lake-in-the-bois	S
/magazine/1929/09/14/burglar-proof-maybe	N
/magazine/1963/09/07/the-kiss	S
/magazine/1973/12/24/ready-aim-flee	N
/magazine/1934/04/14/one-spring-night	S
/magazine/1938/09/10/call-an-ambulance	N
/magazine/1959/09/26/khrushchev-and-i	N
/magazine/1972/04/08/meanwhile-back-at-the-crunch	S
/magazine/1952/08/16/cloudland-revisited-roll-on-thou-deep-and-dark-scenario-roll	N
/magazine/1954/01/23/a-case-of-piesporter	S
/magazine/1938/01/08/little-woman	N
/magazine/1941/04/12/welcome-to-aunt-kittys	S
/magazine/1948/04/17/the-important-house	S
/magazine/1958/03/01/growth-with-truth	N
/magazine/2002/12/23/the-trickle-down-effect	S
/magazine/1939/12/02/sunday-night-was-a-dangerous-night	S
/magazine/1958/03/22/dearly-beloved	N
/magazine/1930/11/15/the-remarkable-case-of-mr-bruhl	S
/magazine/1937/01/09/let-your-mind-alone-iv	N
/magazine/1939/12/16/pour-la-patrie-2	S
/magazine/1944/07/08/the-danger	N
/magazine/1957/05/25/uncle-russells-weekends	N
/magazine/1965/04/03/the-stare	S
/magazine/1979/03/05/independence-day	S
/magazine/1940/01/06/the-pelicans-shadow	S
/magazine/1947/05/24/other-womens-households	S
/magazine/2000/04/24/chemistry-2	S
/magazine/1948/01/10/the-outsiders	S
/magazine/1977/12/19/flora	S
/magazine/1961/04/29/o-saisons-o-chateaux	S
/magazine/1969/11/08/donovans-boots	S
/magazine/1959/11/14/the-fifth-of-november	N
/magazine/1988/05/16/sinatra-2	S
/magazine/1929/12/07/voyage-to-purila-ix	S
/magazine/1969/08/16/moonstruck-at-sunset	N
/magazine/1948/11/20/if-the-shoe-hurts	S
/magazine/1962/02/10/omens	N
/magazine/1938/11/19/natasha	S
/magazine/1945/04/07/watch-out	N
/magazine/1946/10/05/the-hot-soup	S
/magazine/1994/05/02/the-hanging-judge	S
/magazine/1944/03/18/beware-body-building	N
/magazine/1944/12/23/rejoice-rejoice	S
/magazine/1967/04/01/the-practitioner	S
/magazine/1950/01/28/gingerbread	S
/magazine/1961/12/30/the-presbyterian-nomads	N
/magazine/1966/01/01/avec-la-bebe-sitter	N
/magazine/1974/11/04/the-patient	N
/magazine/1942/02/28/sophie-halencziks-war-romance	S
/magazine/1991/03/11/al-denny	N
/magazine/1942/04/25/days-of-innocence-master-of-gladiators	N
/magazine/1948/06/19/a-call-on-mrs-forrester-after-rereading-in-my-middle-years-willa-cathers-a-lost-lady-and-henry-james-the-ambassadors	S
/magazine/1951/07/21/the-night-the-neighbor-dropped-in	S
/magazine/1966/04/09/you-must-know-everything	S
/magazine/1962/12/01/the-seneca-at-the-soccer-game	N
/magazine/1947/12/20/christmas-in-caracas	S
/magazine/1948/11/13/a-railway-station-every-time	N
/magazine/1965/02/20/the-deterrent	N
/magazine/1976/11/08/the-fairy-godfathers	S
/magazine/1964/08/15/the-leonardo-da-vinci-traffic-jam	N
/magazine/1946/04/06/the-survivor	S
/magazine/1960/12/31/exactly-eight-thousand-dollars-exactly	S
/magazine/1964/04/11/blitzkrieg-days	N
/magazine/1970/09/12/the-bed-2	N
/magazine/1940/03/09/burden-of-wealth	N
/magazine/1948/07/03/birds-of-a-feather	N
/magazine/2012/05/28/referential	S
/magazine/1942/09/26/what-do-you-see-dear-enid	N
/magazine/1948/08/14/frank-sullivans-story	N
/magazine/1997/03/24/two-stories-3	S
/magazine/1930/10/25/the-great-disappearance-movement-1934-1937	N
/magazine/1945/10/06/a-gambler-from-the-bronx	S
/magazine/1941/10/18/rainbow-villa	S
/magazine/1966/04/30/the-players	S
/magazine/1970/01/17/car-games	S
