/magazine/1942/12/05/good-evening-mrs-craven	S
/magazine/1942/02/14/days-of-innocence-a-dip-into-statecraft	N
/magazine/1965/02/27/six-daggers-east	N
/magazine/1955/04/23/this-little-piggy-went-to-market	N
/magazine/1956/11/03/the-dominant-kite-in-bangkok	N
/magazine/1946/06/29/mr-lavin-mr-lupkin-and-dr-abercrombie	N
/magazine/1946/07/06/season-in-the-sun-2	S
/magazine/1964/01/25/if-a-slicker-meet-a-slicker	N
/magazine/1950/09/23/the-wharf	N
/magazine/1941/12/13/a-touch-of-home	N
/magazine/1968/11/23/call-me-monty-and-grovel-freely	N
/magazine/1949/03/12/cloudland-revisited-lady-play-your-endocrines	N
/magazine/1957/06/15/return-in-tranquility	N
/magazine/1946/05/18/nightingale-road	N
/magazine/1966/05/14/the-changeover	N
/magazine/1941/08/16/the-choice-2	S
/magazine/1962/07/07/nobody-knows-the-muggin-ive-seen	N
/magazine/1974/12/09/and-then-the-whining-schoolboy-with-his-satchell	N
/magazine/1943/04/24/the-cemetery	S
/magazine/1950/05/20/personne-ici-except-us-chickens	N
/magazine/1952/05/24/bella-napoli	N
/magazine/1965/05/29/keeping-up-with-the-cuts	N
/magazine/1942/05/02/a-good-man	N
/magazine/1956/07/21/quiet-evening-in-huehuetanango	N
/magazine/1976/06/28/look-at-a-teacup	S
/magazine/1968/07/27/death-knocks	N
/magazine/1946/09/07/dilemma-in-the-bronx	S
/magazine/1973/10/29/razzle-dazzle-in-the-rib-room	N
/magazine/1947/03/22/a-touch-of-genius	N
/magazine/1963/12/21/hello-central-give-me-that-jolly-old-pelf	N
/magazine/1945/10/27/shad-ampersand	N
/magazine/1952/05/10/a-matter-of-degree	N
/magazine/1959/02/07/the-red-alert	N
/magazine/1942/10/03/memoirs-of-a-drudge	N
/magazine/1945/11/24/war-and-peace-in-the-bronx	S
/magazine/1954/05/22/better-as-a-kick-in-za-pants	N
/magazine/1945/04/28/allo-allo-2	N
/magazine/1961/07/08/to-the-chef	N
/magazine/1958/10/04/the-hot-potato	N
/magazine/1982/08/16/the-faculty-meeting	S
/magazine/1951/02/17/colleagues-and-metiers	S
/magazine/1975/08/04/underground-7	S
/magazine/1948/07/17/little-boy-grue	N
/magazine/1957/09/07/the-sirens-of-the-potomac	N
/magazine/1942/03/14/hastings-in-the-woodpile	N
/magazine/1947/12/06/the-ordeal-of-mr-matthews	N
/magazine/1944/09/09/my-friend-domesticus	N
/magazine/1951/01/13/one-round-trip-only	S
/magazine/1948/03/06/exhibit-x	N
/magazine/1941/03/29/some-good-talk	S
/magazine/1948/11/27/methinks-he-doth-protein-too-much	N
/magazine/1953/08/29/genuflection-in-the-sun	N
/magazine/1955/01/15/a-package-from-home	N
/magazine/1972/01/01/i-disquiet-please-were-turning	N
/magazine/1956/02/18/poor-goldie	S
/magazine/1948/10/30/cloudland-revisited-into-your-tent-ill-creep	N
/magazine/1946/04/06/all-things-to-all-men	N
/magazine/1952/03/22/biographee	S
/magazine/1961/02/18/oh-i-am-a-cook-and-a-houseboy-blan	N
/magazine/1945/09/08/fairy-tales	S
/magazine/1949/04/30/even-the-averitch-incomepoops-got-a-little-egg-nest-put-away	S
/magazine/1971/10/23/the-day-of-the-lhasa-apso	S
/magazine/1943/04/10/mother-and-the-knights-of-pythias	N
/magazine/1949/02/12/cloudland-revisited-2	N
/magazine/1962/05/05/english-heavy-parents	S
/magazine/1941/03/01/days-of-innocence-ii-slaves-of-beauty	N
/magazine/1947/11/22/a-broadway-garland	N
/magazine/1955/05/21/seats-on-sale-at-the-box-office	N
/magazine/1945/11/10/the-point-of-view-of-pathology	S
/magazine/1948/04/10/laugh-happy	N
/magazine/1962/10/27/on-horatio-street	N
/magazine/1964/02/29/three-more-hats	N
/magazine/2001/04/23/daltons-box	S
/magazine/1941/08/16/lieuteant-macbean	N
/magazine/1944/12/09/last-waltz	N
/magazine/1973/04/28/percy-colclough-and-the-religious-girls	S
/magazine/1965/08/21/close-to-mom	N
/magazine/1952/08/02/beowulf-in-south-dakota	N
/magazine/1945/12/08/romance-in-the-bronx	S
/magazine/1952/06/14/the-year-of-the-olympics	N
/magazine/1945/12/29/tete-a-tete-in-the-bronx	S
/magazine/1945/09/15/a-nazi-hostess	N
/magazine/1979/02/26/lobster-night	S
/magazine/1945/10/13/getting-home	N
/magazine/1958/08/09/cast-of-characters	N
/magazine/1955/02/12/no-starch-in-the-dhoti-sll-vous-plait	N
/magazine/1963/11/02/roulette	S
/magazine/1942/02/07/advanced-landing-ground	S
/magazine/1946/08/10/if-there-is-anything-left	S
/magazine/1951/08/04/the-education-of-a-ganymede	N
/magazine/1956/08/18/i-will-remember-and-i-will-forget	N
/magazine/1981/10/26/the-new-washington-an-inside-story	N
/magazine/1940/02/03/inflexible-logic	S
/magazine/1970/02/21/the-floto-letters	N
/magazine/1951/09/08/up-the-close-and-down-the-stair	N
/magazine/1945/06/02/and-holy-ghost	S
/magazine/1951/08/11/duck-for-the-night-is-coming	N
/magazine/1983/09/19/the-greene-club	S
/magazine/1940/11/09/the-homesick-bus-boy-of-the-splendide	S
/magazine/1947/01/04/opening-night-2	N
/magazine/1945/01/27/content-with-the-station	S
/magazine/1950/02/18/dont-let-no-cracked-pot-lay-his-fishhooks-on-your-chronium	S
/magazine/1944/08/26/a-guide-to-the-literary-pilgrimage	N
/magazine/1956/10/27/the-best-four-years	N
/magazine/1951/10/27/tea-at-government-house	S
/magazine/1960/08/13/eine-kleine-mothmusik	N
/magazine/1968/10/12/the-peaches	S
/magazine/1965/12/04/four-academic-fantasies	N
/magazine/1955/09/10/rummaging-around-with-the-ryans	N
/magazine/1962/07/14/news-6	S
/magazine/1945/07/07/parcel-of-land	N
/magazine/1947/07/05/the-male-grapes	S
/magazine/1951/05/05/romance-before-sundown	N
/magazine/1954/08/28/dr-perelman-i-presume-or-small-bore-in-africa-jet-propelled-turban	N
/magazine/1990/04/16/our-summer-of-love	S
/magazine/1949/11/05/a-highly-remockable-chimpanzee-with-a-head-chuck-fulla-grain-matter	S
/magazine/1957/03/09/how-to-write-about-money-or-the-day-the-taboo-stopped	N
/magazine/1949/01/22/cloudland-revisited	N
/magazine/1941/12/20/days-of-innocence-notes-on-paleozoic-publicists	N
/magazine/1947/05/17/the-homecoming-of-arnold-benson	S
/magazine/1963/03/30/progress-report	N
/magazine/1963/08/03/a-collision-in-the-city	N
/magazine/1972/02/05/iv-dip-in-hot-water-and-fry-till-acerbic	N
/magazine/1951/03/24/the-leprechauns-oriental-in-berth-a-27	N
/magazine/1956/09/15/heat-yeggs-in-vessel-and-sprinkle-with-hazard	N
/magazine/1948/02/21/cinderellas-milk	N
/magazine/1957/11/09/when-the-rockies-burned	N
/magazine/1947/01/18/my-romance-with-eleanora-sears	N
/magazine/1971/10/16/one-of-ours-2	S
/magazine/1978/04/10/serenade-5	S
/magazine/1962/08/11/a-walk-on-the-sweet-side	N
/magazine/1944/04/08/captains-dinner-3	N
/magazine/1945/11/03/soldier-boy-from-the-bronx	S
/magazine/1963/10/12/child-labor-the-presbyterians	N
/magazine/1978/01/16/moving-day-in-jackson-heights	N
/magazine/2014/10/27/alan-bean-plus-four-fiction-tom-hanks	S
/magazine/1950/12/23/cloudland-revisited-rock-a-bye-viscount-in-the-tree-top	N
/magazine/1968/12/21/thunder-under-the-kalahari-or-aliquid-novi-ex-botswana	N
/magazine/1948/11/13/cloudland-revisited-tuberoses-and-tigers	N
/magazine/1941/07/05/a-tonic-for-dr-mulquean	S
/magazine/1967/05/27/billy-brown-shoes-in-west-hollywood	N
/magazine/1975/11/17/sliding	S
/magazine/1947/08/23/here-come-the-tigers	N
/magazine/1972/02/12/v-in-vishnuland-ill-take-no-stand	N
/magazine/1953/11/21/and-thou-beside-me-yacketing-in-the-wildernes	N
/magazine/1963/03/16/basketball-and-beefeaters	N
/magazine/1982/04/12/the-fishermen-2	N
/magazine/1944/02/12/looking-for-a-bluebird	N
/magazine/1977/10/24/scram-you-made-the-pants-too-short	N
/magazine/1942/02/14/go-fight-a-broken-down-gypsy	S
/magazine/1947/10/04/the-halloween-party	S
/magazine/1976/12/27/under-the-shrinking-royalty-the-village-smithy-stands	N
/magazine/1984/08/20/morris-smith-the-myth-and-the-man	S
/magazine/1950/12/30/mangeurs-de-spaghetti	S
/magazine/1953/05/02/couture-continentals	S
/magazine/1956/12/29/go-be-insulted-when-a-fella-hands-you-a-compliment	S
/magazine/1942/11/07/days-of-innocence-romantic-intermezzo	N
/magazine/1954/11/06/dr-perelman-i-presume-or-small-bore-in-africa-the-artemisses	N
/magazine/1970/10/17/missing-two-lollapaloozas-no-reward	N
/magazine/1944/05/13/the-sleepy-piano-player	N
/magazine/1948/12/25/the-smaller-they-are	N
/magazine/1954/06/19/trebblers-bleggages-persians	N
/magazine/1952/07/19/the-fight-in-the-hallway	S
/magazine/1958/07/12/rent-me-and-ill-come-to-you	N
/magazine/1972/11/11/man-on-a-hill	S
/magazine/1955/01/29/dr-perelman-i-presume-or-snail-bore-in-africa-against-the-grain-with-charlene-bozeman	N
/magazine/1982/10/25/indecent-indemnity	N
/magazine/1966/04/16/the-matriarch	S
/magazine/1981/09/14/more-life	S
/magazine/1953/09/19/hermes-on-parnassus	N
/magazine/1943/06/12/days-of-innocence-surdi-audiunt	N
/magazine/1942/03/14/the-pilots-of-the-r-a-f-a-letter-to-an-american	N
/magazine/1945/09/29/therapy-is-indicated	S
/magazine/1943/04/17/gee-whiz-im-oney-a-clog-in-the-wheel	S
/magazine/1945/03/10/squirrels-in-the-trees	S
